{
    "timestamp": "2026-05-15T16:46:20.136354",
    "config": {
        "use_sahi": true,
        "use_clahe": true
    },
    "tp": {
        "0": 36,
        "1": 52,
        "2": 4,
        "3": 15
    },
    "fp": {
        "0": 122,
        "1": 94,
        "2": 9,
        "3": 11
    },
    "fn": {
        "0": 4,
        "1": 49,
        "2": 5,
        "3": 17
    },
    "avg_iou": 0.853316555379157,
    "confusion_matrix": [
        [
            36.0,
            0.0,
            0.0,
            0.0,
            122.0
        ],
        [
            2.0,
            52.0,
            2.0,
            10.0,
            94.0
        ],
        [
            0.0,
            4.0,
            4.0,
            0.0,
            9.0
        ],
        [
            2.0,
            9.0,
            1.0,
            15.0,
            11.0
        ],
        [
            4.0,
            49.0,
            5.0,
            17.0,
            0.0
        ]
    ]
}