filename,split,patient_id,is_hard_negative
00011.jpg,train,PATIENT_0001,0
00021.jpg,train,PATIENT_0002,0
00031.jpg,train,PATIENT_0003,0
00041.jpg,train,PATIENT_0004,0
00051.jpg,train,PATIENT_0005,0
00061.jpg,train,PATIENT_0006,0
00081.jpg,train,PATIENT_0008,0
00101.jpg,train,PATIENT_0010,0
00111.jpg,train,PATIENT_0011,0
00121.jpg,train,PATIENT_0012,0
00141.jpg,train,PATIENT_0014,0
00161.jpg,train,PATIENT_0016,0
00171.jpg,train,PATIENT_0017,0
00191.jpg,train,PATIENT_0019,0
00201.jpg,train,PATIENT_0020,0
00211.jpg,train,PATIENT_0021,0
00221.jpg,train,PATIENT_0022,0
00231.jpg,train,PATIENT_0023,0
00241.jpg,train,PATIENT_0024,0
00251.jpg,train,PATIENT_0025,0
00261.jpg,train,PATIENT_0026,0
00281.jpg,train,PATIENT_0028,0
00291.jpg,train,PATIENT_0029,0
00321.jpg,train,PATIENT_0032,0
00351.jpg,train,PATIENT_0035,0
00361.jpg,train,PATIENT_0036,0
00371.jpg,train,PATIENT_0037,0
00381.jpg,train,PATIENT_0038,0
00391.jpg,train,PATIENT_0039,0
00401.jpg,train,PATIENT_0040,0
00411.jpg,train,PATIENT_0041,0
00421.jpg,train,PATIENT_0042,0
00431.jpg,train,PATIENT_0043,0
00441.jpg,train,PATIENT_0044,0
00471.jpg,train,PATIENT_0047,0
00481.jpg,train,PATIENT_0048,0
00491.jpg,train,PATIENT_0049,0
00501.jpg,train,PATIENT_0050,0
00511.jpg,train,PATIENT_0051,0
00541.jpg,train,PATIENT_0054,0
00551.jpg,train,PATIENT_0055,0
00561.jpg,train,PATIENT_0056,0
00571.jpg,train,PATIENT_0057,0
00581.jpg,train,PATIENT_0058,0
00601.jpg,train,PATIENT_0060,0
00611.jpg,train,PATIENT_0061,0
00631.jpg,train,PATIENT_0063,0
00651.jpg,train,PATIENT_0065,0
00661.jpg,train,PATIENT_0066,0
00671.jpg,train,PATIENT_0067,0
00681.jpg,train,PATIENT_0068,0
00691.jpg,train,PATIENT_0069,0
00721.jpg,train,PATIENT_0072,0
00731.jpg,train,PATIENT_0073,0
00751.jpg,train,PATIENT_0075,0
00761.jpg,train,PATIENT_0076,0
00781.jpg,train,PATIENT_0078,0
00791.jpg,train,PATIENT_0079,0
00801.jpg,train,PATIENT_0080,0
00821.jpg,train,PATIENT_0082,0
00831.jpg,train,PATIENT_0083,0
00841.jpg,train,PATIENT_0084,0
00851.jpg,train,PATIENT_0085,0
00861.jpg,train,PATIENT_0086,0
00871.jpg,train,PATIENT_0087,0
00881.jpg,train,PATIENT_0088,0
00901.jpg,train,PATIENT_0090,0
00911.jpg,train,PATIENT_0091,0
00921.jpg,train,PATIENT_0092,0
00931.jpg,train,PATIENT_0093,0
00951.jpg,train,PATIENT_0095,0
00961.jpg,train,PATIENT_0096,0
00971.jpg,train,PATIENT_0097,0
00981.jpg,train,PATIENT_0098,0
00991.jpg,train,PATIENT_0099,0
01001.jpg,train,PATIENT_0100,0
01011.jpg,train,PATIENT_0101,0
01021.jpg,train,PATIENT_0102,0
01041.jpg,train,PATIENT_0104,0
01051.jpg,train,PATIENT_0105,0
01061.jpg,train,PATIENT_0106,0
01071.jpg,train,PATIENT_0107,0
01081.jpg,train,PATIENT_0108,0
01091.jpg,train,PATIENT_0109,0
01111.jpg,train,PATIENT_0111,0
01121.jpg,train,PATIENT_0112,0
01131.jpg,train,PATIENT_0113,0
01141.jpg,train,PATIENT_0114,0
01151.jpg,train,PATIENT_0115,0
01161.jpg,train,PATIENT_0116,0
01171.jpg,train,PATIENT_0117,0
01181.jpg,train,PATIENT_0118,0
01191.jpg,train,PATIENT_0119,0
01201.jpg,train,PATIENT_0120,0
01221.jpg,train,PATIENT_0122,0
01231.jpg,train,PATIENT_0123,0
01241.jpg,train,PATIENT_0124,0
01261.jpg,train,PATIENT_0126,0
01271.jpg,train,PATIENT_0127,0
01281.jpg,train,PATIENT_0128,0
01291.jpg,train,PATIENT_0129,0
01301.jpg,train,PATIENT_0130,0
01311.jpg,train,PATIENT_0131,0
01321.jpg,train,PATIENT_0132,0
01331.jpg,train,PATIENT_0133,0
01341.jpg,train,PATIENT_0134,0
01361.jpg,train,PATIENT_0136,0
01371.jpg,train,PATIENT_0137,0
01381.jpg,train,PATIENT_0138,0
01391.jpg,train,PATIENT_0139,0
01411.jpg,train,PATIENT_0141,0
01421.jpg,train,PATIENT_0142,0
01431.jpg,train,PATIENT_0143,0
01441.jpg,train,PATIENT_0144,0
01461.jpg,train,PATIENT_0146,0
01471.jpg,train,PATIENT_0147,0
01481.jpg,train,PATIENT_0148,0
01491.jpg,train,PATIENT_0149,0
01511.jpg,train,PATIENT_0151,0
01521.jpg,train,PATIENT_0152,0
01541.jpg,train,PATIENT_0154,0
01551.jpg,train,PATIENT_0155,0
01561.jpg,train,PATIENT_0156,0
01591.jpg,train,PATIENT_0159,0
01601.jpg,train,PATIENT_0160,0
01611.jpg,train,PATIENT_0161,0
01621.jpg,train,PATIENT_0162,0
01631.jpg,train,PATIENT_0163,0
01641.jpg,train,PATIENT_0164,0
01651.jpg,train,PATIENT_0165,0
01661.jpg,train,PATIENT_0166,0
01681.jpg,train,PATIENT_0168,0
01691.jpg,train,PATIENT_0169,0
01701.jpg,train,PATIENT_0170,0
01721.jpg,train,PATIENT_0172,0
01731.jpg,train,PATIENT_0173,0
01761.jpg,train,PATIENT_0176,0
01771.jpg,train,PATIENT_0177,0
01781.jpg,train,PATIENT_0178,0
01811.jpg,train,PATIENT_0181,0
01821.jpg,train,PATIENT_0182,0
01831.jpg,train,PATIENT_0183,0
01861.jpg,train,PATIENT_0186,0
01871.jpg,train,PATIENT_0187,0
01881.jpg,train,PATIENT_0188,0
01901.jpg,train,PATIENT_0190,0
01911.jpg,train,PATIENT_0191,0
01921.jpg,train,PATIENT_0192,0
01941.jpg,train,PATIENT_0194,0
01961.jpg,train,PATIENT_0196,0
01981.jpg,train,PATIENT_0198,0
01991.jpg,train,PATIENT_0199,0
02001.jpg,train,PATIENT_0200,0
02011.jpg,train,PATIENT_0201,0
02021.jpg,train,PATIENT_0202,0
02031.jpg,train,PATIENT_0203,0
02051.jpg,train,PATIENT_0205,0
02071.jpg,train,PATIENT_0207,0
02081.jpg,train,PATIENT_0208,0
02091.jpg,train,PATIENT_0209,0
02101.jpg,train,PATIENT_0210,0
02111.jpg,train,PATIENT_0211,0
02131.jpg,train,PATIENT_0213,0
02141.jpg,train,PATIENT_0214,0
02161.jpg,train,PATIENT_0216,0
02171.jpg,train,PATIENT_0217,0
02181.jpg,train,PATIENT_0218,0
02201.jpg,train,PATIENT_0220,0
02241.jpg,train,PATIENT_0224,0
02251.jpg,train,PATIENT_0225,0
02261.jpg,train,PATIENT_0226,0
02271.jpg,train,PATIENT_0227,0
02291.jpg,train,PATIENT_0229,0
02311.jpg,train,PATIENT_0231,0
02321.jpg,train,PATIENT_0232,0
02331.jpg,train,PATIENT_0233,0
02341.jpg,train,PATIENT_0234,0
02351.jpg,train,PATIENT_0235,0
02361.jpg,train,PATIENT_0236,0
02371.jpg,train,PATIENT_0237,0
02381.jpg,train,PATIENT_0238,0
02421.jpg,train,PATIENT_0242,0
02431.jpg,train,PATIENT_0243,0
02441.jpg,train,PATIENT_0244,0
02451.jpg,train,PATIENT_0245,0
02461.jpg,train,PATIENT_0246,0
02471.jpg,train,PATIENT_0247,0
02481.jpg,train,PATIENT_0248,0
02491.jpg,train,PATIENT_0249,0
02501.jpg,train,PATIENT_0250,0
02511.jpg,train,PATIENT_0251,0
02531.jpg,train,PATIENT_0253,0
02541.jpg,train,PATIENT_0254,0
02561.jpg,train,PATIENT_0256,0
02591.jpg,train,PATIENT_0259,0
02601.jpg,train,PATIENT_0260,0
02611.jpg,train,PATIENT_0261,0
02621.jpg,train,PATIENT_0262,0
02631.jpg,train,PATIENT_0263,0
02651.jpg,train,PATIENT_0265,0
02661.jpg,train,PATIENT_0266,0
02681.jpg,train,PATIENT_0268,0
02691.jpg,train,PATIENT_0269,0
02701.jpg,train,PATIENT_0270,0
02721.jpg,train,PATIENT_0272,0
02731.jpg,train,PATIENT_0273,0
02741.jpg,train,PATIENT_0274,0
02761.jpg,train,PATIENT_0276,0
02771.jpg,train,PATIENT_0277,0
02781.jpg,train,PATIENT_0278,0
02791.jpg,train,PATIENT_0279,0
02811.jpg,train,PATIENT_0281,0
02821.jpg,train,PATIENT_0282,0
02831.jpg,train,PATIENT_0283,0
02851.jpg,train,PATIENT_0285,0
02861.jpg,train,PATIENT_0286,0
02871.jpg,train,PATIENT_0287,0
02881.jpg,train,PATIENT_0288,0
02891.jpg,train,PATIENT_0289,0
02911.jpg,train,PATIENT_0291,0
02931.jpg,train,PATIENT_0293,0
02941.jpg,train,PATIENT_0294,0
02951.jpg,train,PATIENT_0295,0
02971.jpg,train,PATIENT_0297,0
02981.jpg,train,PATIENT_0298,0
03011.jpg,train,PATIENT_0301,0
03021.jpg,train,PATIENT_0302,0
03031.jpg,train,PATIENT_0303,0
03041.jpg,train,PATIENT_0304,0
03051.jpg,train,PATIENT_0305,0
03071.jpg,train,PATIENT_0307,0
03081.jpg,train,PATIENT_0308,0
03091.jpg,train,PATIENT_0309,0
03111.jpg,train,PATIENT_0311,0
03121.jpg,train,PATIENT_0312,0
03131.jpg,train,PATIENT_0313,0
03141.jpg,train,PATIENT_0314,0
03171.jpg,train,PATIENT_0317,0
03181.jpg,train,PATIENT_0318,0
03201.jpg,train,PATIENT_0320,0
03211.jpg,train,PATIENT_0321,0
03241.jpg,train,PATIENT_0324,0
03271.jpg,train,PATIENT_0327,0
03281.jpg,train,PATIENT_0328,0
03291.jpg,train,PATIENT_0329,0
03301.jpg,train,PATIENT_0330,0
03311.jpg,train,PATIENT_0331,0
03341.jpg,train,PATIENT_0334,0
03351.jpg,train,PATIENT_0335,0
03361.jpg,train,PATIENT_0336,0
03371.jpg,train,PATIENT_0337,0
03381.jpg,train,PATIENT_0338,0
03391.jpg,train,PATIENT_0339,0
03401.jpg,train,PATIENT_0340,0
03411.jpg,train,PATIENT_0341,0
03421.jpg,train,PATIENT_0342,0
03431.jpg,train,PATIENT_0343,0
03441.jpg,train,PATIENT_0344,0
03451.jpg,train,PATIENT_0345,0
03461.jpg,train,PATIENT_0346,0
03481.jpg,train,PATIENT_0348,0
03491.jpg,train,PATIENT_0349,0
03501.jpg,train,PATIENT_0350,0
03511.jpg,train,PATIENT_0351,0
03531.jpg,train,PATIENT_0353,0
03541.jpg,train,PATIENT_0354,0
03561.jpg,train,PATIENT_0356,0
03571.jpg,train,PATIENT_0357,0
03581.jpg,train,PATIENT_0358,0
03601.jpg,train,PATIENT_0360,0
03611.jpg,train,PATIENT_0361,0
03621.jpg,train,PATIENT_0362,0
03631.jpg,train,PATIENT_0363,0
03641.jpg,train,PATIENT_0364,0
03651.jpg,train,PATIENT_0365,0
03661.jpg,train,PATIENT_0366,0
03681.jpg,train,PATIENT_0368,0
03701.jpg,train,PATIENT_0370,0
03711.jpg,train,PATIENT_0371,0
03721.jpg,train,PATIENT_0372,0
03731.jpg,train,PATIENT_0373,0
03741.jpg,train,PATIENT_0374,0
03751.jpg,train,PATIENT_0375,0
03761.jpg,train,PATIENT_0376,0
03771.jpg,train,PATIENT_0377,0
03781.jpg,train,PATIENT_0378,0
03791.jpg,train,PATIENT_0379,0
03801.jpg,train,PATIENT_0380,0
03811.jpg,train,PATIENT_0381,0
03821.jpg,train,PATIENT_0382,0
03831.jpg,train,PATIENT_0383,0
03841.jpg,train,PATIENT_0384,0
03851.jpg,train,PATIENT_0385,0
03861.jpg,train,PATIENT_0386,0
03871.jpg,train,PATIENT_0387,0
03891.jpg,train,PATIENT_0389,0
03901.jpg,train,PATIENT_0390,0
03911.jpg,train,PATIENT_0391,0
03921.jpg,train,PATIENT_0392,0
03931.jpg,train,PATIENT_0393,0
03951.jpg,train,PATIENT_0395,0
03961.jpg,train,PATIENT_0396,0
03971.jpg,train,PATIENT_0397,0
03981.jpg,train,PATIENT_0398,0
03991.jpg,train,PATIENT_0399,0
04001.jpg,train,PATIENT_0400,0
04011.jpg,train,PATIENT_0401,0
04021.jpg,train,PATIENT_0402,0
04041.jpg,train,PATIENT_0404,0
04051.jpg,train,PATIENT_0405,0
04061.jpg,train,PATIENT_0406,0
04071.jpg,train,PATIENT_0407,0
04081.jpg,train,PATIENT_0408,0
04101.jpg,train,PATIENT_0410,0
04131.jpg,train,PATIENT_0413,0
04141.jpg,train,PATIENT_0414,0
04171.jpg,train,PATIENT_0417,0
04181.jpg,train,PATIENT_0418,0
04191.jpg,train,PATIENT_0419,0
04201.jpg,train,PATIENT_0420,0
04211.jpg,train,PATIENT_0421,0
04221.jpg,train,PATIENT_0422,0
04231.jpg,train,PATIENT_0423,0
04251.jpg,train,PATIENT_0425,0
04261.jpg,train,PATIENT_0426,0
04271.jpg,train,PATIENT_0427,0
04281.jpg,train,PATIENT_0428,0
04291.jpg,train,PATIENT_0429,0
04321.jpg,train,PATIENT_0432,0
04341.jpg,train,PATIENT_0434,0
04351.jpg,train,PATIENT_0435,0
04361.jpg,train,PATIENT_0436,0
04381.jpg,train,PATIENT_0438,0
04411.jpg,train,PATIENT_0441,0
04421.jpg,train,PATIENT_0442,0
04451.jpg,train,PATIENT_0445,0
04461.jpg,train,PATIENT_0446,0
04471.jpg,train,PATIENT_0447,0
04481.jpg,train,PATIENT_0448,0
04491.jpg,train,PATIENT_0449,0
04501.jpg,train,PATIENT_0450,0
04521.jpg,train,PATIENT_0452,0
04531.jpg,train,PATIENT_0453,0
04541.jpg,train,PATIENT_0454,0
04551.jpg,train,PATIENT_0455,0
04561.jpg,train,PATIENT_0456,0
04571.jpg,train,PATIENT_0457,0
04591.jpg,train,PATIENT_0459,0
04601.jpg,train,PATIENT_0460,0
04611.jpg,train,PATIENT_0461,0
04631.jpg,train,PATIENT_0463,0
04651.jpg,train,PATIENT_0465,0
04671.jpg,train,PATIENT_0467,0
04681.jpg,train,PATIENT_0468,0
04701.jpg,train,PATIENT_0470,0
04711.jpg,train,PATIENT_0471,0
04731.jpg,train,PATIENT_0473,0
04741.jpg,train,PATIENT_0474,0
04751.jpg,train,PATIENT_0475,0
04761.jpg,train,PATIENT_0476,0
04771.jpg,train,PATIENT_0477,0
04781.jpg,train,PATIENT_0478,0
04811.jpg,train,PATIENT_0481,0
04821.jpg,train,PATIENT_0482,0
04831.jpg,train,PATIENT_0483,0
04841.jpg,train,PATIENT_0484,0
04851.jpg,train,PATIENT_0485,0
04861.jpg,train,PATIENT_0486,0
04881.jpg,train,PATIENT_0488,0
04891.jpg,train,PATIENT_0489,0
04901.jpg,train,PATIENT_0490,0
04921.jpg,train,PATIENT_0492,0
04931.jpg,train,PATIENT_0493,0
04941.jpg,train,PATIENT_0494,0
04951.jpg,train,PATIENT_0495,0
04971.jpg,train,PATIENT_0497,0
04981.jpg,train,PATIENT_0498,0
04991.jpg,train,PATIENT_0499,0
05001.jpg,train,PATIENT_0500,0
05031.jpg,train,PATIENT_0503,0
05041.jpg,train,PATIENT_0504,0
05051.jpg,train,PATIENT_0505,0
05061.jpg,train,PATIENT_0506,0
05081.jpg,train,PATIENT_0508,0
05091.jpg,train,PATIENT_0509,0
05101.jpg,train,PATIENT_0510,0
05111.jpg,train,PATIENT_0511,0
05131.jpg,train,PATIENT_0513,0
05141.jpg,train,PATIENT_0514,0
05151.jpg,train,PATIENT_0515,0
05161.jpg,train,PATIENT_0516,0
05171.jpg,train,PATIENT_0517,0
05181.jpg,train,PATIENT_0518,0
05191.jpg,train,PATIENT_0519,0
05201.jpg,train,PATIENT_0520,0
05211.jpg,train,PATIENT_0521,0
05221.jpg,train,PATIENT_0522,0
05231.jpg,train,PATIENT_0523,0
05241.jpg,train,PATIENT_0524,0
05251.jpg,train,PATIENT_0525,0
05261.jpg,train,PATIENT_0526,0
05271.jpg,train,PATIENT_0527,0
05291.jpg,train,PATIENT_0529,0
05301.jpg,train,PATIENT_0530,0
05311.jpg,train,PATIENT_0531,0
05321.jpg,train,PATIENT_0532,0
05331.jpg,train,PATIENT_0533,0
05341.jpg,train,PATIENT_0534,0
05361.jpg,train,PATIENT_0536,0
05371.jpg,train,PATIENT_0537,0
05381.jpg,train,PATIENT_0538,0
05401.jpg,train,PATIENT_0540,0
05411.jpg,train,PATIENT_0541,0
05421.jpg,train,PATIENT_0542,0
05431.jpg,train,PATIENT_0543,0
05441.jpg,train,PATIENT_0544,0
05461.jpg,train,PATIENT_0546,0
05471.jpg,train,PATIENT_0547,0
05481.jpg,train,PATIENT_0548,0
05491.jpg,train,PATIENT_0549,0
05511.jpg,train,PATIENT_0551,0
05531.jpg,train,PATIENT_0553,0
05541.jpg,train,PATIENT_0554,0
05571.jpg,train,PATIENT_0557,0
05591.jpg,train,PATIENT_0559,0
05601.jpg,train,PATIENT_0560,0
05611.jpg,train,PATIENT_0561,0
05631.jpg,train,PATIENT_0563,0
05641.jpg,train,PATIENT_0564,0
05661.jpg,train,PATIENT_0566,0
05671.jpg,train,PATIENT_0567,0
05701.jpg,train,PATIENT_0570,0
05711.jpg,train,PATIENT_0571,0
05721.jpg,train,PATIENT_0572,0
05731.jpg,train,PATIENT_0573,0
05751.jpg,train,PATIENT_0575,0
05761.jpg,train,PATIENT_0576,0
05771.jpg,train,PATIENT_0577,0
05781.jpg,train,PATIENT_0578,0
05791.jpg,train,PATIENT_0579,0
05801.jpg,train,PATIENT_0580,0
05811.jpg,train,PATIENT_0581,0
05821.jpg,train,PATIENT_0582,0
05831.jpg,train,PATIENT_0583,0
05841.jpg,train,PATIENT_0584,0
05851.jpg,train,PATIENT_0585,0
05861.jpg,train,PATIENT_0586,0
05871.jpg,train,PATIENT_0587,0
05881.jpg,train,PATIENT_0588,0
05891.jpg,train,PATIENT_0589,0
05901.jpg,train,PATIENT_0590,0
05911.jpg,train,PATIENT_0591,0
05921.jpg,train,PATIENT_0592,0
05931.jpg,train,PATIENT_0593,0
05941.jpg,train,PATIENT_0594,0
05961.jpg,train,PATIENT_0596,0
05971.jpg,train,PATIENT_0597,0
05981.jpg,train,PATIENT_0598,0
06011.jpg,train,PATIENT_0601,0
06021.jpg,train,PATIENT_0602,0
06041.jpg,train,PATIENT_0604,0
06051.jpg,train,PATIENT_0605,0
06071.jpg,train,PATIENT_0607,0
06081.jpg,train,PATIENT_0608,0
06091.jpg,train,PATIENT_0609,0
06101.jpg,train,PATIENT_0610,0
06111.jpg,train,PATIENT_0611,0
06121.jpg,train,PATIENT_0612,0
06131.jpg,train,PATIENT_0613,0
06141.jpg,train,PATIENT_0614,0
06151.jpg,train,PATIENT_0615,0
06161.jpg,train,PATIENT_0616,0
06171.jpg,train,PATIENT_0617,0
06181.jpg,train,PATIENT_0618,0
06191.jpg,train,PATIENT_0619,0
06201.jpg,train,PATIENT_0620,0
06211.jpg,train,PATIENT_0621,0
06231.jpg,train,PATIENT_0623,0
06241.jpg,train,PATIENT_0624,0
06251.jpg,train,PATIENT_0625,0
06261.jpg,train,PATIENT_0626,0
06271.jpg,train,PATIENT_0627,0
06281.jpg,train,PATIENT_0628,0
06291.jpg,train,PATIENT_0629,0
06301.jpg,train,PATIENT_0630,0
06311.jpg,train,PATIENT_0631,0
06321.jpg,train,PATIENT_0632,0
06331.jpg,train,PATIENT_0633,0
06341.jpg,train,PATIENT_0634,0
06351.jpg,train,PATIENT_0635,0
06361.jpg,train,PATIENT_0636,0
06371.jpg,train,PATIENT_0637,0
06381.jpg,train,PATIENT_0638,0
06391.jpg,train,PATIENT_0639,0
06401.jpg,train,PATIENT_0640,0
06411.jpg,train,PATIENT_0641,0
06421.jpg,train,PATIENT_0642,0
06441.jpg,train,PATIENT_0644,0
06451.jpg,train,PATIENT_0645,0
06461.jpg,train,PATIENT_0646,0
06471.jpg,train,PATIENT_0647,0
06481.jpg,train,PATIENT_0648,0
06491.jpg,train,PATIENT_0649,0
06501.jpg,train,PATIENT_0650,0
06511.jpg,train,PATIENT_0651,0
06521.jpg,train,PATIENT_0652,0
06531.jpg,train,PATIENT_0653,0
06541.jpg,train,PATIENT_0654,0
06551.jpg,train,PATIENT_0655,0
06571.jpg,train,PATIENT_0657,0
06591.jpg,train,PATIENT_0659,0
06601.jpg,train,PATIENT_0660,0
06611.jpg,train,PATIENT_0661,0
06621.jpg,train,PATIENT_0662,0
06631.jpg,train,PATIENT_0663,0
06641.jpg,train,PATIENT_0664,0
06651.jpg,train,PATIENT_0665,0
06661.jpg,train,PATIENT_0666,0
06671.jpg,train,PATIENT_0667,0
06681.jpg,train,PATIENT_0668,0
06691.jpg,train,PATIENT_0669,0
06701.jpg,train,PATIENT_0670,0
06721.jpg,train,PATIENT_0672,0
06731.jpg,train,PATIENT_0673,0
06741.jpg,train,PATIENT_0674,0
06751.jpg,train,PATIENT_0675,0
06761.jpg,train,PATIENT_0676,0
06781.jpg,train,PATIENT_0678,0
06791.jpg,train,PATIENT_0679,0
06801.jpg,train,PATIENT_0680,0
06811.jpg,train,PATIENT_0681,0
06821.jpg,train,PATIENT_0682,0
06841.jpg,train,PATIENT_0684,0
06851.jpg,train,PATIENT_0685,0
06861.jpg,train,PATIENT_0686,0
06871.jpg,train,PATIENT_0687,0
06881.jpg,train,PATIENT_0688,0
06891.jpg,train,PATIENT_0689,0
06901.jpg,train,PATIENT_0690,0
06911.jpg,train,PATIENT_0691,0
06921.jpg,train,PATIENT_0692,0
06931.jpg,train,PATIENT_0693,0
06951.jpg,train,PATIENT_0695,0
06961.jpg,train,PATIENT_0696,0
06971.jpg,train,PATIENT_0697,0
06981.jpg,train,PATIENT_0698,0
06991.jpg,train,PATIENT_0699,0
07001.jpg,train,PATIENT_0700,0
07011.jpg,train,PATIENT_0701,0
07021.jpg,train,PATIENT_0702,0
07031.jpg,train,PATIENT_0703,0
07041.jpg,train,PATIENT_0704,0
07051.jpg,train,PATIENT_0705,0
07071.jpg,train,PATIENT_0707,0
07081.jpg,train,PATIENT_0708,0
07091.jpg,train,PATIENT_0709,0
07101.jpg,train,PATIENT_0710,0
07111.jpg,train,PATIENT_0711,0
07121.jpg,train,PATIENT_0712,0
07141.jpg,train,PATIENT_0714,0
07151.jpg,train,PATIENT_0715,0
07161.jpg,train,PATIENT_0716,0
07171.jpg,train,PATIENT_0717,0
07181.jpg,train,PATIENT_0718,0
07201.jpg,train,PATIENT_0720,0
07231.jpg,train,PATIENT_0723,0
07241.jpg,train,PATIENT_0724,0
07251.jpg,train,PATIENT_0725,0
07261.jpg,train,PATIENT_0726,0
07271.jpg,train,PATIENT_0727,0
07281.jpg,train,PATIENT_0728,0
07291.jpg,train,PATIENT_0729,0
07311.jpg,train,PATIENT_0731,0
07321.jpg,train,PATIENT_0732,0
07331.jpg,train,PATIENT_0733,0
07351.jpg,train,PATIENT_0735,0
07361.jpg,train,PATIENT_0736,0
07381.jpg,train,PATIENT_0738,0
07391.jpg,train,PATIENT_0739,0
07401.jpg,train,PATIENT_0740,0
07411.jpg,train,PATIENT_0741,0
07421.jpg,train,PATIENT_0742,0
07431.jpg,train,PATIENT_0743,0
07441.jpg,train,PATIENT_0744,0
07461.jpg,train,PATIENT_0746,0
07481.jpg,train,PATIENT_0748,0
07491.jpg,train,PATIENT_0749,0
07501.jpg,train,PATIENT_0750,0
07511.jpg,train,PATIENT_0751,0
07521.jpg,train,PATIENT_0752,0
07541.jpg,train,PATIENT_0754,0
07551.jpg,train,PATIENT_0755,0
07571.jpg,train,PATIENT_0757,0
07581.jpg,train,PATIENT_0758,0
07591.jpg,train,PATIENT_0759,0
07601.jpg,train,PATIENT_0760,0
07611.jpg,train,PATIENT_0761,0
07631.jpg,train,PATIENT_0763,0
07641.jpg,train,PATIENT_0764,0
07661.jpg,train,PATIENT_0766,0
07671.jpg,train,PATIENT_0767,0
07681.jpg,train,PATIENT_0768,0
07691.jpg,train,PATIENT_0769,0
07701.jpg,train,PATIENT_0770,0
07711.jpg,train,PATIENT_0771,0
07721.jpg,train,PATIENT_0772,0
07731.jpg,train,PATIENT_0773,0
07741.jpg,train,PATIENT_0774,0
07751.jpg,train,PATIENT_0775,0
07761.jpg,train,PATIENT_0776,0
07781.jpg,train,PATIENT_0778,0
07791.jpg,train,PATIENT_0779,0
07801.jpg,train,PATIENT_0780,0
07811.jpg,train,PATIENT_0781,0
07821.jpg,train,PATIENT_0782,0
07831.jpg,train,PATIENT_0783,0
07841.jpg,train,PATIENT_0784,0
07851.jpg,train,PATIENT_0785,0
07871.jpg,train,PATIENT_0787,0
07891.jpg,train,PATIENT_0789,0
07901.jpg,train,PATIENT_0790,0
07911.jpg,train,PATIENT_0791,0
07921.jpg,train,PATIENT_0792,0
07931.jpg,train,PATIENT_0793,0
07941.jpg,train,PATIENT_0794,0
07951.jpg,train,PATIENT_0795,0
07961.jpg,train,PATIENT_0796,0
07971.jpg,train,PATIENT_0797,0
07981.jpg,train,PATIENT_0798,0
08001.jpg,train,PATIENT_0800,0
08011.jpg,train,PATIENT_0801,0
08021.jpg,train,PATIENT_0802,0
08051.jpg,train,PATIENT_0805,0
08071.jpg,train,PATIENT_0807,0
08091.jpg,train,PATIENT_0809,0
08141.jpg,train,PATIENT_0814,0
08151.jpg,train,PATIENT_0815,0
08161.jpg,train,PATIENT_0816,0
08201.jpg,train,PATIENT_0820,0
08211.jpg,train,PATIENT_0821,0
08221.jpg,train,PATIENT_0822,0
08231.jpg,train,PATIENT_0823,0
08241.jpg,train,PATIENT_0824,0
08251.jpg,train,PATIENT_0825,0
08261.jpg,train,PATIENT_0826,0
08271.jpg,train,PATIENT_0827,0
08281.jpg,train,PATIENT_0828,0
08291.jpg,train,PATIENT_0829,0
08311.jpg,train,PATIENT_0831,0
08331.jpg,train,PATIENT_0833,0
08341.jpg,train,PATIENT_0834,0
08351.jpg,train,PATIENT_0835,0
08361.jpg,train,PATIENT_0836,0
08371.jpg,train,PATIENT_0837,0
08381.jpg,train,PATIENT_0838,0
08411.jpg,train,PATIENT_0841,0
08421.jpg,train,PATIENT_0842,0
08441.jpg,train,PATIENT_0844,0
08451.jpg,train,PATIENT_0845,0
08461.jpg,train,PATIENT_0846,0
08471.jpg,train,PATIENT_0847,0
08481.jpg,train,PATIENT_0848,0
08491.jpg,train,PATIENT_0849,0
08501.jpg,train,PATIENT_0850,0
08511.jpg,train,PATIENT_0851,0
08521.jpg,train,PATIENT_0852,0
08531.jpg,train,PATIENT_0853,0
08541.jpg,train,PATIENT_0854,0
08551.jpg,train,PATIENT_0855,0
08561.jpg,train,PATIENT_0856,0
08571.jpg,train,PATIENT_0857,0
08581.jpg,train,PATIENT_0858,0
08591.jpg,train,PATIENT_0859,0
08601.jpg,train,PATIENT_0860,0
08611.jpg,train,PATIENT_0861,0
08621.jpg,train,PATIENT_0862,0
08641.jpg,train,PATIENT_0864,0
08661.jpg,train,PATIENT_0866,0
08671.jpg,train,PATIENT_0867,0
08681.jpg,train,PATIENT_0868,0
08691.jpg,train,PATIENT_0869,0
08711.jpg,train,PATIENT_0871,0
08721.jpg,train,PATIENT_0872,0
08731.jpg,train,PATIENT_0873,0
08741.jpg,train,PATIENT_0874,0
08751.jpg,train,PATIENT_0875,0
08761.jpg,train,PATIENT_0876,0
08771.jpg,train,PATIENT_0877,0
08781.jpg,train,PATIENT_0878,0
08791.jpg,train,PATIENT_0879,0
08801.jpg,train,PATIENT_0880,0
08811.jpg,train,PATIENT_0881,0
08831.jpg,train,PATIENT_0883,0
08841.jpg,train,PATIENT_0884,0
08851.jpg,train,PATIENT_0885,0
08861.jpg,train,PATIENT_0886,0
08871.jpg,train,PATIENT_0887,0
08881.jpg,train,PATIENT_0888,0
08901.jpg,train,PATIENT_0890,0
08911.jpg,train,PATIENT_0891,0
08921.jpg,train,PATIENT_0892,0
08931.jpg,train,PATIENT_0893,0
08951.jpg,train,PATIENT_0895,0
08961.jpg,train,PATIENT_0896,0
08971.jpg,train,PATIENT_0897,0
08991.jpg,train,PATIENT_0899,0
09001.jpg,train,PATIENT_0900,0
09011.jpg,train,PATIENT_0901,0
09021.jpg,train,PATIENT_0902,0
09031.jpg,train,PATIENT_0903,0
09041.jpg,train,PATIENT_0904,0
09051.jpg,train,PATIENT_0905,0
09061.jpg,train,PATIENT_0906,0
09071.jpg,train,PATIENT_0907,0
09091.jpg,train,PATIENT_0909,0
09101.jpg,train,PATIENT_0910,0
09111.jpg,train,PATIENT_0911,0
09121.jpg,train,PATIENT_0912,0
09141.jpg,train,PATIENT_0914,0
09151.jpg,train,PATIENT_0915,0
09171.jpg,train,PATIENT_0917,0
09181.jpg,train,PATIENT_0918,0
09191.jpg,train,PATIENT_0919,0
09201.jpg,train,PATIENT_0920,0
09211.jpg,train,PATIENT_0921,0
09221.jpg,train,PATIENT_0922,0
09231.jpg,train,PATIENT_0923,0
09241.jpg,train,PATIENT_0924,0
09251.jpg,train,PATIENT_0925,0
09261.jpg,train,PATIENT_0926,0
09271.jpg,train,PATIENT_0927,0
09291.jpg,train,PATIENT_0929,0
09311.jpg,train,PATIENT_0931,0
09321.jpg,train,PATIENT_0932,0
09341.jpg,train,PATIENT_0934,0
09351.jpg,train,PATIENT_0935,0
09361.jpg,train,PATIENT_0936,0
09371.jpg,train,PATIENT_0937,0
09381.jpg,train,PATIENT_0938,0
09391.jpg,train,PATIENT_0939,0
09401.jpg,train,PATIENT_0940,0
09411.jpg,train,PATIENT_0941,0
09421.jpg,train,PATIENT_0942,0
09431.jpg,train,PATIENT_0943,0
09441.jpg,train,PATIENT_0944,0
09451.jpg,train,PATIENT_0945,0
09461.jpg,train,PATIENT_0946,0
09471.jpg,train,PATIENT_0947,0
09481.jpg,train,PATIENT_0948,0
09511.jpg,train,PATIENT_0951,0
09521.jpg,train,PATIENT_0952,0
09541.jpg,train,PATIENT_0954,0
09551.jpg,train,PATIENT_0955,0
09561.jpg,train,PATIENT_0956,0
09571.jpg,train,PATIENT_0957,0
09581.jpg,train,PATIENT_0958,0
09591.jpg,train,PATIENT_0959,0
09601.jpg,train,PATIENT_0960,0
09611.jpg,train,PATIENT_0961,0
09621.jpg,train,PATIENT_0962,0
09631.jpg,train,PATIENT_0963,0
09641.jpg,train,PATIENT_0964,0
09651.jpg,train,PATIENT_0965,0
09661.jpg,train,PATIENT_0966,0
09671.jpg,train,PATIENT_0967,0
09681.jpg,train,PATIENT_0968,0
09691.jpg,train,PATIENT_0969,0
09711.jpg,train,PATIENT_0971,0
09721.jpg,train,PATIENT_0972,0
09731.jpg,train,PATIENT_0973,0
09741.jpg,train,PATIENT_0974,0
09751.jpg,train,PATIENT_0975,0
09761.jpg,train,PATIENT_0976,0
09781.jpg,train,PATIENT_0978,0
09801.jpg,train,PATIENT_0980,0
09811.jpg,train,PATIENT_0981,0
09821.jpg,train,PATIENT_0982,0
09831.jpg,train,PATIENT_0983,0
09841.jpg,train,PATIENT_0984,0
09851.jpg,train,PATIENT_0985,0
09861.jpg,train,PATIENT_0986,0
09871.jpg,train,PATIENT_0987,0
09881.jpg,train,PATIENT_0988,0
09891.jpg,train,PATIENT_0989,0
09901.jpg,train,PATIENT_0990,0
09921.jpg,train,PATIENT_0992,0
09931.jpg,train,PATIENT_0993,0
09941.jpg,train,PATIENT_0994,0
09951.jpg,train,PATIENT_0995,0
09961.jpg,train,PATIENT_0996,0
09971.jpg,train,PATIENT_0997,0
09981.jpg,train,PATIENT_0998,0
09991.jpg,train,PATIENT_0999,0
10011.jpg,train,PATIENT_1001,0
10021.jpg,train,PATIENT_1002,0
10031.jpg,train,PATIENT_1003,0
10051.jpg,train,PATIENT_1005,0
10061.jpg,train,PATIENT_1006,0
10081.jpg,train,PATIENT_1008,0
10091.jpg,train,PATIENT_1009,0
10101.jpg,train,PATIENT_1010,0
10111.jpg,train,PATIENT_1011,0
10131.jpg,train,PATIENT_1013,0
10141.jpg,train,PATIENT_1014,0
10151.jpg,train,PATIENT_1015,0
10161.jpg,train,PATIENT_1016,0
10171.jpg,train,PATIENT_1017,0
10191.jpg,train,PATIENT_1019,0
10201.jpg,train,PATIENT_1020,0
10211.jpg,train,PATIENT_1021,0
10221.jpg,train,PATIENT_1022,0
10241.jpg,train,PATIENT_1024,0
10251.jpg,train,PATIENT_1025,0
10271.jpg,train,PATIENT_1027,0
10291.jpg,train,PATIENT_1029,0
10311.jpg,train,PATIENT_1031,0
10321.jpg,train,PATIENT_1032,0
10341.jpg,train,PATIENT_1034,0
10361.jpg,train,PATIENT_1036,0
10371.jpg,train,PATIENT_1037,0
10381.jpg,train,PATIENT_1038,0
10391.jpg,train,PATIENT_1039,0
10401.jpg,train,PATIENT_1040,0
10411.jpg,train,PATIENT_1041,0
10441.jpg,train,PATIENT_1044,0
10451.jpg,train,PATIENT_1045,0
10461.jpg,train,PATIENT_1046,0
10471.jpg,train,PATIENT_1047,0
10491.jpg,train,PATIENT_1049,0
10501.jpg,train,PATIENT_1050,0
10511.jpg,train,PATIENT_1051,0
10521.jpg,train,PATIENT_1052,0
10541.jpg,train,PATIENT_1054,0
10551.jpg,train,PATIENT_1055,0
10591.jpg,train,PATIENT_1059,0
10601.jpg,train,PATIENT_1060,0
10611.jpg,train,PATIENT_1061,0
10631.jpg,train,PATIENT_1063,0
10641.jpg,train,PATIENT_1064,0
10651.jpg,train,PATIENT_1065,0
10661.jpg,train,PATIENT_1066,0
10671.jpg,train,PATIENT_1067,0
10681.jpg,train,PATIENT_1068,0
10701.jpg,train,PATIENT_1070,0
10711.jpg,train,PATIENT_1071,0
10721.jpg,train,PATIENT_1072,0
10731.jpg,train,PATIENT_1073,0
10771.jpg,train,PATIENT_1077,0
10781.jpg,train,PATIENT_1078,0
10791.jpg,train,PATIENT_1079,0
10801.jpg,train,PATIENT_1080,0
10811.jpg,train,PATIENT_1081,0
10821.jpg,train,PATIENT_1082,0
10831.jpg,train,PATIENT_1083,0
10841.jpg,train,PATIENT_1084,0
10861.jpg,train,PATIENT_1086,0
10871.jpg,train,PATIENT_1087,0
10881.jpg,train,PATIENT_1088,0
10891.jpg,train,PATIENT_1089,0
10901.jpg,train,PATIENT_1090,0
10911.jpg,train,PATIENT_1091,0
10931.jpg,train,PATIENT_1093,0
10941.jpg,train,PATIENT_1094,0
10961.jpg,train,PATIENT_1096,0
10971.jpg,train,PATIENT_1097,0
10981.jpg,train,PATIENT_1098,0
10991.jpg,train,PATIENT_1099,0
11001.jpg,train,PATIENT_1100,0
11011.jpg,train,PATIENT_1101,0
11021.jpg,train,PATIENT_1102,0
11031.jpg,train,PATIENT_1103,0
11041.jpg,train,PATIENT_1104,0
11051.jpg,train,PATIENT_1105,0
11071.jpg,train,PATIENT_1107,0
11081.jpg,train,PATIENT_1108,0
11091.jpg,train,PATIENT_1109,0
11101.jpg,train,PATIENT_1110,0
11111.jpg,train,PATIENT_1111,0
11121.jpg,train,PATIENT_1112,0
11131.jpg,train,PATIENT_1113,0
11161.jpg,train,PATIENT_1116,0
11191.jpg,train,PATIENT_1119,0
11201.jpg,train,PATIENT_1120,0
11211.jpg,train,PATIENT_1121,0
11221.jpg,train,PATIENT_1122,0
11231.jpg,train,PATIENT_1123,0
11251.jpg,train,PATIENT_1125,0
11261.jpg,train,PATIENT_1126,0
11271.jpg,train,PATIENT_1127,0
11281.jpg,train,PATIENT_1128,0
11301.jpg,train,PATIENT_1130,0
11311.jpg,train,PATIENT_1131,0
11321.jpg,train,PATIENT_1132,0
11341.jpg,train,PATIENT_1134,0
11351.jpg,train,PATIENT_1135,0
11371.jpg,train,PATIENT_1137,0
11381.jpg,train,PATIENT_1138,0
11391.jpg,train,PATIENT_1139,0
11401.jpg,train,PATIENT_1140,0
11411.jpg,train,PATIENT_1141,0
11421.jpg,train,PATIENT_1142,0
11431.jpg,train,PATIENT_1143,0
11441.jpg,train,PATIENT_1144,0
11451.jpg,train,PATIENT_1145,0
11461.jpg,train,PATIENT_1146,0
11481.jpg,train,PATIENT_1148,0
11491.jpg,train,PATIENT_1149,0
11511.jpg,train,PATIENT_1151,0
11521.jpg,train,PATIENT_1152,0
11531.jpg,train,PATIENT_1153,0
11541.jpg,train,PATIENT_1154,0
11551.jpg,train,PATIENT_1155,0
11561.jpg,train,PATIENT_1156,0
11571.jpg,train,PATIENT_1157,0
11581.jpg,train,PATIENT_1158,0
11591.jpg,train,PATIENT_1159,0
11601.jpg,train,PATIENT_1160,0
11611.jpg,train,PATIENT_1161,0
11621.jpg,train,PATIENT_1162,0
11631.jpg,train,PATIENT_1163,0
11661.jpg,train,PATIENT_1166,0
11671.jpg,train,PATIENT_1167,0
11681.jpg,train,PATIENT_1168,0
11691.jpg,train,PATIENT_1169,0
11701.jpg,train,PATIENT_1170,0
11711.jpg,train,PATIENT_1171,0
11721.jpg,train,PATIENT_1172,0
11731.jpg,train,PATIENT_1173,0
11741.jpg,train,PATIENT_1174,0
11771.jpg,train,PATIENT_1177,0
11781.jpg,train,PATIENT_1178,0
11801.jpg,train,PATIENT_1180,0
11811.jpg,train,PATIENT_1181,0
11821.jpg,train,PATIENT_1182,0
11831.jpg,train,PATIENT_1183,0
11841.jpg,train,PATIENT_1184,0
11851.jpg,train,PATIENT_1185,0
11861.jpg,train,PATIENT_1186,0
11871.jpg,train,PATIENT_1187,0
11901.jpg,train,PATIENT_1190,0
11911.jpg,train,PATIENT_1191,0
11921.jpg,train,PATIENT_1192,0
11941.jpg,train,PATIENT_1194,0
11951.jpg,train,PATIENT_1195,0
11961.jpg,train,PATIENT_1196,0
11971.jpg,train,PATIENT_1197,0
11981.jpg,train,PATIENT_1198,0
11991.jpg,train,PATIENT_1199,0
12001.jpg,train,PATIENT_1200,0
12021.jpg,train,PATIENT_1202,0
12031.jpg,train,PATIENT_1203,0
12041.jpg,train,PATIENT_1204,0
12051.jpg,train,PATIENT_1205,0
12061.jpg,train,PATIENT_1206,0
12071.jpg,train,PATIENT_1207,0
12081.jpg,train,PATIENT_1208,0
12091.jpg,train,PATIENT_1209,0
12101.jpg,train,PATIENT_1210,0
12131.jpg,train,PATIENT_1213,0
12141.jpg,train,PATIENT_1214,0
12151.jpg,train,PATIENT_1215,0
12161.jpg,train,PATIENT_1216,0
12171.jpg,train,PATIENT_1217,0
12181.jpg,train,PATIENT_1218,0
12191.jpg,train,PATIENT_1219,0
12201.jpg,train,PATIENT_1220,0
12211.jpg,train,PATIENT_1221,0
12231.jpg,train,PATIENT_1223,0
12241.jpg,train,PATIENT_1224,0
12251.jpg,train,PATIENT_1225,0
12261.jpg,train,PATIENT_1226,0
12281.jpg,train,PATIENT_1228,0
12301.jpg,train,PATIENT_1230,0
12311.jpg,train,PATIENT_1231,0
12321.jpg,train,PATIENT_1232,0
12331.jpg,train,PATIENT_1233,0
12341.jpg,train,PATIENT_1234,0
12351.jpg,train,PATIENT_1235,0
12361.jpg,train,PATIENT_1236,0
12371.jpg,train,PATIENT_1237,0
12391.jpg,train,PATIENT_1239,0
12401.jpg,train,PATIENT_1240,0
12411.jpg,train,PATIENT_1241,0
12421.jpg,train,PATIENT_1242,0
12431.jpg,train,PATIENT_1243,0
12441.jpg,train,PATIENT_1244,0
12451.jpg,train,PATIENT_1245,0
12461.jpg,train,PATIENT_1246,0
12471.jpg,train,PATIENT_1247,0
12481.jpg,train,PATIENT_1248,0
12491.jpg,train,PATIENT_1249,0
12501.jpg,train,PATIENT_1250,0
12511.jpg,train,PATIENT_1251,0
12521.jpg,train,PATIENT_1252,0
12531.jpg,train,PATIENT_1253,0
12541.jpg,train,PATIENT_1254,0
12551.jpg,train,PATIENT_1255,0
12561.jpg,train,PATIENT_1256,0
12571.jpg,train,PATIENT_1257,0
12581.jpg,train,PATIENT_1258,0
12601.jpg,train,PATIENT_1260,0
12611.jpg,train,PATIENT_1261,0
12631.jpg,train,PATIENT_1263,0
12641.jpg,train,PATIENT_1264,0
12651.jpg,train,PATIENT_1265,0
12661.jpg,train,PATIENT_1266,0
12671.jpg,train,PATIENT_1267,0
12681.jpg,train,PATIENT_1268,0
12701.jpg,train,PATIENT_1270,0
12721.jpg,train,PATIENT_1272,0
12731.jpg,train,PATIENT_1273,0
12741.jpg,train,PATIENT_1274,0
12751.jpg,train,PATIENT_1275,0
12761.jpg,train,PATIENT_1276,0
12771.jpg,train,PATIENT_1277,0
12781.jpg,train,PATIENT_1278,0
12801.jpg,train,PATIENT_1280,0
12811.jpg,train,PATIENT_1281,0
12821.jpg,train,PATIENT_1282,0
12831.jpg,train,PATIENT_1283,0
12841.jpg,train,PATIENT_1284,0
12851.jpg,train,PATIENT_1285,0
12861.jpg,train,PATIENT_1286,0
12871.jpg,train,PATIENT_1287,0
12881.jpg,train,PATIENT_1288,0
12901.jpg,train,PATIENT_1290,0
12911.jpg,train,PATIENT_1291,0
12921.jpg,train,PATIENT_1292,0
12951.jpg,train,PATIENT_1295,0
12971.jpg,train,PATIENT_1297,0
12981.jpg,train,PATIENT_1298,0
12991.jpg,train,PATIENT_1299,0
13001.jpg,train,PATIENT_1300,0
13011.jpg,train,PATIENT_1301,0
13021.jpg,train,PATIENT_1302,0
13031.jpg,train,PATIENT_1303,0
13041.jpg,train,PATIENT_1304,0
13051.jpg,train,PATIENT_1305,0
13061.jpg,train,PATIENT_1306,0
13071.jpg,train,PATIENT_1307,0
13081.jpg,train,PATIENT_1308,0
13091.jpg,train,PATIENT_1309,0
13111.jpg,train,PATIENT_1311,0
13121.jpg,train,PATIENT_1312,0
13131.jpg,train,PATIENT_1313,0
13151.jpg,train,PATIENT_1315,0
13161.jpg,train,PATIENT_1316,0
13171.jpg,train,PATIENT_1317,0
13181.jpg,train,PATIENT_1318,0
13191.jpg,train,PATIENT_1319,0
13201.jpg,train,PATIENT_1320,0
13211.jpg,train,PATIENT_1321,0
13221.jpg,train,PATIENT_1322,0
13231.jpg,train,PATIENT_1323,0
13241.jpg,train,PATIENT_1324,0
13251.jpg,train,PATIENT_1325,0
13261.jpg,train,PATIENT_1326,0
13271.jpg,train,PATIENT_1327,0
13281.jpg,train,PATIENT_1328,0
13291.jpg,train,PATIENT_1329,0
13301.jpg,train,PATIENT_1330,0
13321.jpg,train,PATIENT_1332,0
13331.jpg,train,PATIENT_1333,0
13341.jpg,train,PATIENT_1334,0
13351.jpg,train,PATIENT_1335,0
13361.jpg,train,PATIENT_1336,0
13371.jpg,train,PATIENT_1337,0
13391.jpg,train,PATIENT_1339,0
13401.jpg,train,PATIENT_1340,0
13411.jpg,train,PATIENT_1341,0
13421.jpg,train,PATIENT_1342,0
13431.jpg,train,PATIENT_1343,0
13441.jpg,train,PATIENT_1344,0
13451.jpg,train,PATIENT_1345,0
13471.jpg,train,PATIENT_1347,0
13481.jpg,train,PATIENT_1348,0
13491.jpg,train,PATIENT_1349,0
13501.jpg,train,PATIENT_1350,0
13511.jpg,train,PATIENT_1351,0
13531.jpg,train,PATIENT_1353,0
13541.jpg,train,PATIENT_1354,0
13551.jpg,train,PATIENT_1355,0
13561.jpg,train,PATIENT_1356,0
13571.jpg,train,PATIENT_1357,0
13581.jpg,train,PATIENT_1358,0
13591.jpg,train,PATIENT_1359,0
13601.jpg,train,PATIENT_1360,0
13611.jpg,train,PATIENT_1361,0
13621.jpg,train,PATIENT_1362,0
13641.jpg,train,PATIENT_1364,0
13651.jpg,train,PATIENT_1365,0
13661.jpg,train,PATIENT_1366,0
13671.jpg,train,PATIENT_1367,0
13681.jpg,train,PATIENT_1368,0
13691.jpg,train,PATIENT_1369,0
13701.jpg,train,PATIENT_1370,0
13721.jpg,train,PATIENT_1372,0
13731.jpg,train,PATIENT_1373,0
13751.jpg,train,PATIENT_1375,0
13761.jpg,train,PATIENT_1376,0
13771.jpg,train,PATIENT_1377,0
13801.jpg,train,PATIENT_1380,0
13811.jpg,train,PATIENT_1381,0
13821.jpg,train,PATIENT_1382,0
13831.jpg,train,PATIENT_1383,0
13841.jpg,train,PATIENT_1384,0
13851.jpg,train,PATIENT_1385,0
13861.jpg,train,PATIENT_1386,0
13871.jpg,train,PATIENT_1387,0
13881.jpg,train,PATIENT_1388,0
13891.jpg,train,PATIENT_1389,0
13901.jpg,train,PATIENT_1390,0
13911.jpg,train,PATIENT_1391,0
13951.jpg,train,PATIENT_1395,0
13961.jpg,train,PATIENT_1396,0
13971.jpg,train,PATIENT_1397,0
13981.jpg,train,PATIENT_1398,0
13991.jpg,train,PATIENT_1399,0
14001.jpg,train,PATIENT_1400,0
14011.jpg,train,PATIENT_1401,0
14021.jpg,train,PATIENT_1402,0
14031.jpg,train,PATIENT_1403,0
14041.jpg,train,PATIENT_1404,0
14051.jpg,train,PATIENT_1405,0
14061.jpg,train,PATIENT_1406,0
14091.jpg,train,PATIENT_1409,0
14101.jpg,train,PATIENT_1410,0
14111.jpg,train,PATIENT_1411,0
14121.jpg,train,PATIENT_1412,0
14131.jpg,train,PATIENT_1413,0
14151.jpg,train,PATIENT_1415,0
14161.jpg,train,PATIENT_1416,0
14171.jpg,train,PATIENT_1417,0
14181.jpg,train,PATIENT_1418,0
14191.jpg,train,PATIENT_1419,0
14201.jpg,train,PATIENT_1420,0
14221.jpg,train,PATIENT_1422,0
14241.jpg,train,PATIENT_1424,0
14261.jpg,train,PATIENT_1426,0
14271.jpg,train,PATIENT_1427,0
14281.jpg,train,PATIENT_1428,0
14291.jpg,train,PATIENT_1429,0
14311.jpg,train,PATIENT_1431,0
14321.jpg,train,PATIENT_1432,0
14331.jpg,train,PATIENT_1433,0
14341.jpg,train,PATIENT_1434,0
14351.jpg,train,PATIENT_1435,0
14361.jpg,train,PATIENT_1436,0
14381.jpg,train,PATIENT_1438,0
14391.jpg,train,PATIENT_1439,0
14401.jpg,train,PATIENT_1440,0
14411.jpg,train,PATIENT_1441,0
14421.jpg,train,PATIENT_1442,0
14431.jpg,train,PATIENT_1443,0
14441.jpg,train,PATIENT_1444,0
14461.jpg,train,PATIENT_1446,0
14471.jpg,train,PATIENT_1447,0
14481.jpg,train,PATIENT_1448,0
14491.jpg,train,PATIENT_1449,0
14501.jpg,train,PATIENT_1450,0
14511.jpg,train,PATIENT_1451,0
14521.jpg,train,PATIENT_1452,0
14531.jpg,train,PATIENT_1453,0
14541.jpg,train,PATIENT_1454,0
14561.jpg,train,PATIENT_1456,0
14581.jpg,train,PATIENT_1458,0
14591.jpg,train,PATIENT_1459,0
14611.jpg,train,PATIENT_1461,0
14631.jpg,train,PATIENT_1463,0
14641.jpg,train,PATIENT_1464,0
14651.jpg,train,PATIENT_1465,0
14661.jpg,train,PATIENT_1466,0
14671.jpg,train,PATIENT_1467,0
14681.jpg,train,PATIENT_1468,0
14701.jpg,train,PATIENT_1470,0
14711.jpg,train,PATIENT_1471,0
14721.jpg,train,PATIENT_1472,0
14731.jpg,train,PATIENT_1473,0
14741.jpg,train,PATIENT_1474,0
14761.jpg,train,PATIENT_1476,0
14781.jpg,train,PATIENT_1478,0
14791.jpg,train,PATIENT_1479,0
14801.jpg,train,PATIENT_1480,0
14811.jpg,train,PATIENT_1481,0
14821.jpg,train,PATIENT_1482,0
14831.jpg,train,PATIENT_1483,0
14841.jpg,train,PATIENT_1484,0
14851.jpg,train,PATIENT_1485,0
14861.jpg,train,PATIENT_1486,0
14871.jpg,train,PATIENT_1487,0
14881.jpg,train,PATIENT_1488,0
14901.jpg,train,PATIENT_1490,0
14911.jpg,train,PATIENT_1491,0
14931.jpg,train,PATIENT_1493,0
14941.jpg,train,PATIENT_1494,0
14951.jpg,train,PATIENT_1495,0
14961.jpg,train,PATIENT_1496,0
14971.jpg,train,PATIENT_1497,0
15011.jpg,train,PATIENT_1501,0
15051.jpg,train,PATIENT_1505,0
15061.jpg,train,PATIENT_1506,0
15081.jpg,train,PATIENT_1508,0
15091.jpg,train,PATIENT_1509,0
15111.jpg,train,PATIENT_1511,0
15141.jpg,train,PATIENT_1514,0
15161.jpg,train,PATIENT_1516,0
15171.jpg,train,PATIENT_1517,0
15191.jpg,train,PATIENT_1519,0
15201.jpg,train,PATIENT_1520,0
15211.jpg,train,PATIENT_1521,0
15221.jpg,train,PATIENT_1522,0
15231.jpg,train,PATIENT_1523,0
15241.jpg,train,PATIENT_1524,0
15251.jpg,train,PATIENT_1525,0
15261.jpg,train,PATIENT_1526,0
15271.jpg,train,PATIENT_1527,0
15281.jpg,train,PATIENT_1528,0
15291.jpg,train,PATIENT_1529,0
15301.jpg,train,PATIENT_1530,0
15311.jpg,train,PATIENT_1531,0
15321.jpg,train,PATIENT_1532,0
15341.jpg,train,PATIENT_1534,0
15351.jpg,train,PATIENT_1535,0
15361.jpg,train,PATIENT_1536,0
15381.jpg,train,PATIENT_1538,0
15411.jpg,train,PATIENT_1541,0
15421.jpg,train,PATIENT_1542,0
15431.jpg,train,PATIENT_1543,0
15441.jpg,train,PATIENT_1544,0
15451.jpg,train,PATIENT_1545,0
15461.jpg,train,PATIENT_1546,0
15471.jpg,train,PATIENT_1547,0
15481.jpg,train,PATIENT_1548,0
15491.jpg,train,PATIENT_1549,0
15501.jpg,train,PATIENT_1550,0
15511.jpg,train,PATIENT_1551,0
15521.jpg,train,PATIENT_1552,0
15531.jpg,train,PATIENT_1553,0
15551.jpg,train,PATIENT_1555,0
15561.jpg,train,PATIENT_1556,0
15571.jpg,train,PATIENT_1557,0
15581.jpg,train,PATIENT_1558,0
15601.jpg,train,PATIENT_1560,0
15611.jpg,train,PATIENT_1561,0
15621.jpg,train,PATIENT_1562,0
15631.jpg,train,PATIENT_1563,0
15661.jpg,train,PATIENT_1566,0
15671.jpg,train,PATIENT_1567,0
15681.jpg,train,PATIENT_1568,0
15691.jpg,train,PATIENT_1569,0
15701.jpg,train,PATIENT_1570,0
15711.jpg,train,PATIENT_1571,0
15721.jpg,train,PATIENT_1572,0
15741.jpg,train,PATIENT_1574,0
15751.jpg,train,PATIENT_1575,0
15761.jpg,train,PATIENT_1576,0
15771.jpg,train,PATIENT_1577,0
15781.jpg,train,PATIENT_1578,0
15791.jpg,train,PATIENT_1579,0
15801.jpg,train,PATIENT_1580,0
15821.jpg,train,PATIENT_1582,0
15831.jpg,train,PATIENT_1583,0
15851.jpg,train,PATIENT_1585,0
15861.jpg,train,PATIENT_1586,0
15871.jpg,train,PATIENT_1587,0
15881.jpg,train,PATIENT_1588,0
15891.jpg,train,PATIENT_1589,0
15901.jpg,train,PATIENT_1590,0
15911.jpg,train,PATIENT_1591,0
15921.jpg,train,PATIENT_1592,0
15931.jpg,train,PATIENT_1593,0
15941.jpg,train,PATIENT_1594,0
15951.jpg,train,PATIENT_1595,0
15961.jpg,train,PATIENT_1596,0
15971.jpg,train,PATIENT_1597,0
15981.jpg,train,PATIENT_1598,0
16001.jpg,train,PATIENT_1600,0
16011.jpg,train,PATIENT_1601,0
16041.jpg,train,PATIENT_1604,0
16051.jpg,train,PATIENT_1605,0
16061.jpg,train,PATIENT_1606,0
16071.jpg,train,PATIENT_1607,0
16081.jpg,train,PATIENT_1608,0
16101.jpg,train,PATIENT_1610,0
16111.jpg,train,PATIENT_1611,0
16171.jpg,train,PATIENT_1617,0
16181.jpg,train,PATIENT_1618,0
16201.jpg,train,PATIENT_1620,0
16211.jpg,train,PATIENT_1621,0
16221.jpg,train,PATIENT_1622,0
16241.jpg,train,PATIENT_1624,0
16251.jpg,train,PATIENT_1625,0
16271.jpg,train,PATIENT_1627,0
16281.jpg,train,PATIENT_1628,0
16291.jpg,train,PATIENT_1629,0
16311.jpg,train,PATIENT_1631,0
16321.jpg,train,PATIENT_1632,0
16331.jpg,train,PATIENT_1633,0
16341.jpg,train,PATIENT_1634,0
16351.jpg,train,PATIENT_1635,0
16361.jpg,train,PATIENT_1636,0
16371.jpg,train,PATIENT_1637,0
16381.jpg,train,PATIENT_1638,0
16391.jpg,train,PATIENT_1639,0
16401.jpg,train,PATIENT_1640,0
16411.jpg,train,PATIENT_1641,0
16421.jpg,train,PATIENT_1642,0
16431.jpg,train,PATIENT_1643,0
16461.jpg,train,PATIENT_1646,0
16471.jpg,train,PATIENT_1647,0
16481.jpg,train,PATIENT_1648,0
16491.jpg,train,PATIENT_1649,0
16511.jpg,train,PATIENT_1651,0
16521.jpg,train,PATIENT_1652,0
16541.jpg,train,PATIENT_1654,0
16551.jpg,train,PATIENT_1655,0
16571.jpg,train,PATIENT_1657,0
16581.jpg,train,PATIENT_1658,0
16591.jpg,train,PATIENT_1659,0
16601.jpg,train,PATIENT_1660,0
16611.jpg,train,PATIENT_1661,0
16641.jpg,train,PATIENT_1664,0
16661.jpg,train,PATIENT_1666,0
16671.jpg,train,PATIENT_1667,0
16681.jpg,train,PATIENT_1668,0
16691.jpg,train,PATIENT_1669,0
16701.jpg,train,PATIENT_1670,0
16711.jpg,train,PATIENT_1671,0
16721.jpg,train,PATIENT_1672,0
16731.jpg,train,PATIENT_1673,0
16741.jpg,train,PATIENT_1674,0
16751.jpg,train,PATIENT_1675,0
16761.jpg,train,PATIENT_1676,0
16771.jpg,train,PATIENT_1677,0
16781.jpg,train,PATIENT_1678,0
16791.jpg,train,PATIENT_1679,0
16801.jpg,train,PATIENT_1680,0
16811.jpg,train,PATIENT_1681,0
16821.jpg,train,PATIENT_1682,0
16831.jpg,train,PATIENT_1683,0
16841.jpg,train,PATIENT_1684,0
16851.jpg,train,PATIENT_1685,0
16861.jpg,train,PATIENT_1686,0
16871.jpg,train,PATIENT_1687,0
16881.jpg,train,PATIENT_1688,0
16891.jpg,train,PATIENT_1689,0
16901.jpg,train,PATIENT_1690,0
16911.jpg,train,PATIENT_1691,0
16921.jpg,train,PATIENT_1692,0
16931.jpg,train,PATIENT_1693,0
16951.jpg,train,PATIENT_1695,0
16961.jpg,train,PATIENT_1696,0
16971.jpg,train,PATIENT_1697,0
16981.jpg,train,PATIENT_1698,0
16991.jpg,train,PATIENT_1699,0
17001.jpg,train,PATIENT_1700,0
17011.jpg,train,PATIENT_1701,0
17021.jpg,train,PATIENT_1702,0
17031.jpg,train,PATIENT_1703,0
17041.jpg,train,PATIENT_1704,0
17051.jpg,train,PATIENT_1705,0
17061.jpg,train,PATIENT_1706,0
17071.jpg,train,PATIENT_1707,0
17081.jpg,train,PATIENT_1708,0
17091.jpg,train,PATIENT_1709,0
17101.jpg,train,PATIENT_1710,0
17111.jpg,train,PATIENT_1711,0
17121.jpg,train,PATIENT_1712,0
17131.jpg,train,PATIENT_1713,0
17141.jpg,train,PATIENT_1714,0
17151.jpg,train,PATIENT_1715,0
17161.jpg,train,PATIENT_1716,0
17171.jpg,train,PATIENT_1717,0
17181.jpg,train,PATIENT_1718,0
17191.jpg,train,PATIENT_1719,0
17211.jpg,train,PATIENT_1721,0
17221.jpg,train,PATIENT_1722,0
17231.jpg,train,PATIENT_1723,0
17241.jpg,train,PATIENT_1724,0
17251.jpg,train,PATIENT_1725,0
17261.jpg,train,PATIENT_1726,0
17271.jpg,train,PATIENT_1727,0
17281.jpg,train,PATIENT_1728,0
17291.jpg,train,PATIENT_1729,0
17311.jpg,train,PATIENT_1731,0
17321.jpg,train,PATIENT_1732,0
17331.jpg,train,PATIENT_1733,0
17341.jpg,train,PATIENT_1734,0
17351.jpg,train,PATIENT_1735,0
17361.jpg,train,PATIENT_1736,0
17371.jpg,train,PATIENT_1737,0
17401.jpg,train,PATIENT_1740,0
17411.jpg,train,PATIENT_1741,0
17421.jpg,train,PATIENT_1742,0
17441.jpg,train,PATIENT_1744,0
17451.jpg,train,PATIENT_1745,0
17481.jpg,train,PATIENT_1748,0
17491.jpg,train,PATIENT_1749,0
17501.jpg,train,PATIENT_1750,0
17511.jpg,train,PATIENT_1751,0
17521.jpg,train,PATIENT_1752,0
17531.jpg,train,PATIENT_1753,0
17541.jpg,train,PATIENT_1754,0
17561.jpg,train,PATIENT_1756,0
17571.jpg,train,PATIENT_1757,0
17581.jpg,train,PATIENT_1758,0
17591.jpg,train,PATIENT_1759,0
17601.jpg,train,PATIENT_1760,0
17611.jpg,train,PATIENT_1761,0
17621.jpg,train,PATIENT_1762,0
17631.jpg,train,PATIENT_1763,0
17641.jpg,train,PATIENT_1764,0
17651.jpg,train,PATIENT_1765,0
17661.jpg,train,PATIENT_1766,0
17671.jpg,train,PATIENT_1767,0
17691.jpg,train,PATIENT_1769,0
17711.jpg,train,PATIENT_1771,0
17721.jpg,train,PATIENT_1772,0
17741.jpg,train,PATIENT_1774,0
17751.jpg,train,PATIENT_1775,0
17761.jpg,train,PATIENT_1776,0
17771.jpg,train,PATIENT_1777,0
17781.jpg,train,PATIENT_1778,0
17791.jpg,train,PATIENT_1779,0
17811.jpg,train,PATIENT_1781,0
17821.jpg,train,PATIENT_1782,0
17831.jpg,train,PATIENT_1783,0
17841.jpg,train,PATIENT_1784,0
17851.jpg,train,PATIENT_1785,0
17861.jpg,train,PATIENT_1786,0
17881.jpg,train,PATIENT_1788,0
17891.jpg,train,PATIENT_1789,0
17901.jpg,train,PATIENT_1790,0
17921.jpg,train,PATIENT_1792,0
17931.jpg,train,PATIENT_1793,0
17951.jpg,train,PATIENT_1795,0
17961.jpg,train,PATIENT_1796,0
17971.jpg,train,PATIENT_1797,0
17981.jpg,train,PATIENT_1798,0
17991.jpg,train,PATIENT_1799,0
18001.jpg,train,PATIENT_1800,0
18011.jpg,train,PATIENT_1801,0
18021.jpg,train,PATIENT_1802,0
18031.jpg,train,PATIENT_1803,0
18041.jpg,train,PATIENT_1804,0
18051.jpg,train,PATIENT_1805,0
18071.jpg,train,PATIENT_1807,0
18091.jpg,train,PATIENT_1809,0
18121.jpg,train,PATIENT_1812,0
18131.jpg,train,PATIENT_1813,0
18151.jpg,train,PATIENT_1815,0
18161.jpg,train,PATIENT_1816,0
18181.jpg,train,PATIENT_1818,0
18191.jpg,train,PATIENT_1819,0
18201.jpg,train,PATIENT_1820,0
18211.jpg,train,PATIENT_1821,0
18221.jpg,train,PATIENT_1822,0
18231.jpg,train,PATIENT_1823,0
18241.jpg,train,PATIENT_1824,0
18261.jpg,train,PATIENT_1826,0
18271.jpg,train,PATIENT_1827,0
18291.jpg,train,PATIENT_1829,0
18301.jpg,train,PATIENT_1830,0
18311.jpg,train,PATIENT_1831,0
18351.jpg,train,PATIENT_1835,0
18361.jpg,train,PATIENT_1836,0
18371.jpg,train,PATIENT_1837,0
18381.jpg,train,PATIENT_1838,0
18391.jpg,train,PATIENT_1839,0
18411.jpg,train,PATIENT_1841,0
18431.jpg,train,PATIENT_1843,0
18441.jpg,train,PATIENT_1844,0
18451.jpg,train,PATIENT_1845,0
18461.jpg,train,PATIENT_1846,0
18471.jpg,train,PATIENT_1847,0
18481.jpg,train,PATIENT_1848,0
18491.jpg,train,PATIENT_1849,0
18501.jpg,train,PATIENT_1850,0
18511.jpg,train,PATIENT_1851,0
18531.jpg,train,PATIENT_1853,0
18541.jpg,train,PATIENT_1854,0
18551.jpg,train,PATIENT_1855,0
18561.jpg,train,PATIENT_1856,0
18571.jpg,train,PATIENT_1857,0
18581.jpg,train,PATIENT_1858,0
18591.jpg,train,PATIENT_1859,0
18601.jpg,train,PATIENT_1860,0
18611.jpg,train,PATIENT_1861,0
18631.jpg,train,PATIENT_1863,0
18651.jpg,train,PATIENT_1865,0
18661.jpg,train,PATIENT_1866,0
18681.jpg,train,PATIENT_1868,0
18691.jpg,train,PATIENT_1869,0
18701.jpg,train,PATIENT_1870,0
18711.jpg,train,PATIENT_1871,0
18731.jpg,train,PATIENT_1873,0
18741.jpg,train,PATIENT_1874,0
18751.jpg,train,PATIENT_1875,0
18771.jpg,train,PATIENT_1877,0
18781.jpg,train,PATIENT_1878,0
18791.jpg,train,PATIENT_1879,0
18811.jpg,train,PATIENT_1881,0
18821.jpg,train,PATIENT_1882,0
18831.jpg,train,PATIENT_1883,0
18841.jpg,train,PATIENT_1884,0
18851.jpg,train,PATIENT_1885,0
18861.jpg,train,PATIENT_1886,0
18871.jpg,train,PATIENT_1887,0
18881.jpg,train,PATIENT_1888,0
18901.jpg,train,PATIENT_1890,0
18911.jpg,train,PATIENT_1891,0
18921.jpg,train,PATIENT_1892,0
18931.jpg,train,PATIENT_1893,0
18951.jpg,train,PATIENT_1895,0
18961.jpg,train,PATIENT_1896,0
18981.jpg,train,PATIENT_1898,0
19001.jpg,train,PATIENT_1900,0
19011.jpg,train,PATIENT_1901,0
19021.jpg,train,PATIENT_1902,0
19031.jpg,train,PATIENT_1903,0
19041.jpg,train,PATIENT_1904,0
19061.jpg,train,PATIENT_1906,0
19071.jpg,train,PATIENT_1907,0
19091.jpg,train,PATIENT_1909,0
19111.jpg,train,PATIENT_1911,0
19131.jpg,train,PATIENT_1913,0
19141.jpg,train,PATIENT_1914,0
19161.jpg,train,PATIENT_1916,0
19171.jpg,train,PATIENT_1917,0
19191.jpg,train,PATIENT_1919,0
19201.jpg,train,PATIENT_1920,0
19221.jpg,train,PATIENT_1922,0
19231.jpg,train,PATIENT_1923,0
19241.jpg,train,PATIENT_1924,0
19251.jpg,train,PATIENT_1925,0
19261.jpg,train,PATIENT_1926,0
19271.jpg,train,PATIENT_1927,0
19281.jpg,train,PATIENT_1928,0
19291.jpg,train,PATIENT_1929,0
19301.jpg,train,PATIENT_1930,0
19311.jpg,train,PATIENT_1931,0
19331.jpg,train,PATIENT_1933,0
19341.jpg,train,PATIENT_1934,0
19351.jpg,train,PATIENT_1935,0
19361.jpg,train,PATIENT_1936,0
19371.jpg,train,PATIENT_1937,0
19381.jpg,train,PATIENT_1938,0
19401.jpg,train,PATIENT_1940,0
19411.jpg,train,PATIENT_1941,0
19421.jpg,train,PATIENT_1942,0
19431.jpg,train,PATIENT_1943,0
19441.jpg,train,PATIENT_1944,0
19451.jpg,train,PATIENT_1945,0
19461.jpg,train,PATIENT_1946,0
19471.jpg,train,PATIENT_1947,0
19481.jpg,train,PATIENT_1948,0
19491.jpg,train,PATIENT_1949,0
19501.jpg,train,PATIENT_1950,0
19521.jpg,train,PATIENT_1952,0
19531.jpg,train,PATIENT_1953,0
19541.jpg,train,PATIENT_1954,0
19581.jpg,train,PATIENT_1958,0
19591.jpg,train,PATIENT_1959,0
19611.jpg,train,PATIENT_1961,0
19621.jpg,train,PATIENT_1962,0
19631.jpg,train,PATIENT_1963,0
19641.jpg,train,PATIENT_1964,0
19651.jpg,train,PATIENT_1965,0
19661.jpg,train,PATIENT_1966,0
19711.jpg,train,PATIENT_1971,0
19721.jpg,train,PATIENT_1972,0
19731.jpg,train,PATIENT_1973,0
19741.jpg,train,PATIENT_1974,0
19761.jpg,train,PATIENT_1976,0
19771.jpg,train,PATIENT_1977,0
19781.jpg,train,PATIENT_1978,0
19791.jpg,train,PATIENT_1979,0
19801.jpg,train,PATIENT_1980,0
19811.jpg,train,PATIENT_1981,0
19821.jpg,train,PATIENT_1982,0
19831.jpg,train,PATIENT_1983,0
19841.jpg,train,PATIENT_1984,0
19851.jpg,train,PATIENT_1985,0
19871.jpg,train,PATIENT_1987,0
19881.jpg,train,PATIENT_1988,0
19891.jpg,train,PATIENT_1989,0
19901.jpg,train,PATIENT_1990,0
19911.jpg,train,PATIENT_1991,0
19921.jpg,train,PATIENT_1992,0
19931.jpg,train,PATIENT_1993,0
19941.jpg,train,PATIENT_1994,0
19971.jpg,train,PATIENT_1997,0
19981.jpg,train,PATIENT_1998,0
19991.jpg,train,PATIENT_1999,0
20001.jpg,train,PATIENT_2000,0
20011.jpg,train,PATIENT_2001,0
20031.jpg,train,PATIENT_2003,0
20041.jpg,train,PATIENT_2004,0
20051.jpg,train,PATIENT_2005,0
20061.jpg,train,PATIENT_2006,0
20071.jpg,train,PATIENT_2007,0
20081.jpg,train,PATIENT_2008,0
20091.jpg,train,PATIENT_2009,0
20101.jpg,train,PATIENT_2010,0
20111.jpg,train,PATIENT_2011,0
20121.jpg,train,PATIENT_2012,0
20151.jpg,train,PATIENT_2015,0
20161.jpg,train,PATIENT_2016,0
20171.jpg,train,PATIENT_2017,0
20191.jpg,train,PATIENT_2019,0
20201.jpg,train,PATIENT_2020,0
20211.jpg,train,PATIENT_2021,0
20221.jpg,train,PATIENT_2022,0
20231.jpg,train,PATIENT_2023,0
20241.jpg,train,PATIENT_2024,0
20251.jpg,train,PATIENT_2025,0
20261.jpg,train,PATIENT_2026,0
20281.jpg,train,PATIENT_2028,0
20291.jpg,train,PATIENT_2029,0
20301.jpg,train,PATIENT_2030,0
20311.jpg,train,PATIENT_2031,0
20321.jpg,train,PATIENT_2032,0
20331.jpg,train,PATIENT_2033,0
20341.jpg,train,PATIENT_2034,0
20351.jpg,train,PATIENT_2035,0
20361.jpg,train,PATIENT_2036,0
20371.jpg,train,PATIENT_2037,0
20381.jpg,train,PATIENT_2038,0
20391.jpg,train,PATIENT_2039,0
20401.jpg,train,PATIENT_2040,0
20411.jpg,train,PATIENT_2041,0
20421.jpg,train,PATIENT_2042,0
20431.jpg,train,PATIENT_2043,0
20441.jpg,train,PATIENT_2044,0
20451.jpg,train,PATIENT_2045,0
20461.jpg,train,PATIENT_2046,0
20491.jpg,train,PATIENT_2049,0
20501.jpg,train,PATIENT_2050,0
20511.jpg,train,PATIENT_2051,0
20521.jpg,train,PATIENT_2052,0
20531.jpg,train,PATIENT_2053,0
20541.jpg,train,PATIENT_2054,0
20551.jpg,train,PATIENT_2055,0
20561.jpg,train,PATIENT_2056,0
20571.jpg,train,PATIENT_2057,0
20581.jpg,train,PATIENT_2058,0
20591.jpg,train,PATIENT_2059,0
20601.jpg,train,PATIENT_2060,0
20611.jpg,train,PATIENT_2061,0
20621.jpg,train,PATIENT_2062,0
20631.jpg,train,PATIENT_2063,0
20641.jpg,train,PATIENT_2064,0
20651.jpg,train,PATIENT_2065,0
20661.jpg,train,PATIENT_2066,0
20671.jpg,train,PATIENT_2067,0
20681.jpg,train,PATIENT_2068,0
20691.jpg,train,PATIENT_2069,0
20711.jpg,train,PATIENT_2071,0
20721.jpg,train,PATIENT_2072,0
20731.jpg,train,PATIENT_2073,0
20741.jpg,train,PATIENT_2074,0
20751.jpg,train,PATIENT_2075,0
20761.jpg,train,PATIENT_2076,0
20771.jpg,train,PATIENT_2077,0
20781.jpg,train,PATIENT_2078,0
20791.jpg,train,PATIENT_2079,0
20801.jpg,train,PATIENT_2080,0
20821.jpg,train,PATIENT_2082,0
20831.jpg,train,PATIENT_2083,0
20841.jpg,train,PATIENT_2084,0
20851.jpg,train,PATIENT_2085,0
20861.jpg,train,PATIENT_2086,0
20871.jpg,train,PATIENT_2087,0
20881.jpg,train,PATIENT_2088,0
20891.jpg,train,PATIENT_2089,0
20901.jpg,train,PATIENT_2090,0
20911.jpg,train,PATIENT_2091,0
20921.jpg,train,PATIENT_2092,0
20931.jpg,train,PATIENT_2093,0
20951.jpg,train,PATIENT_2095,0
20971.jpg,train,PATIENT_2097,0
20981.jpg,train,PATIENT_2098,0
20991.jpg,train,PATIENT_2099,0
21011.jpg,train,PATIENT_2101,0
21031.jpg,train,PATIENT_2103,0
21041.jpg,train,PATIENT_2104,0
21051.jpg,train,PATIENT_2105,0
21061.jpg,train,PATIENT_2106,0
21081.jpg,train,PATIENT_2108,0
21091.jpg,train,PATIENT_2109,0
21101.jpg,train,PATIENT_2110,0
21111.jpg,train,PATIENT_2111,0
21121.jpg,train,PATIENT_2112,0
21131.jpg,train,PATIENT_2113,0
21151.jpg,train,PATIENT_2115,0
21161.jpg,train,PATIENT_2116,0
21191.jpg,train,PATIENT_2119,0
21211.jpg,train,PATIENT_2121,0
21221.jpg,train,PATIENT_2122,0
21231.jpg,train,PATIENT_2123,0
21251.jpg,train,PATIENT_2125,0
21271.jpg,train,PATIENT_2127,0
21281.jpg,train,PATIENT_2128,0
21291.jpg,train,PATIENT_2129,0
21311.jpg,train,PATIENT_2131,0
21321.jpg,train,PATIENT_2132,0
21331.jpg,train,PATIENT_2133,0
21341.jpg,train,PATIENT_2134,0
21351.jpg,train,PATIENT_2135,0
21361.jpg,train,PATIENT_2136,0
21371.jpg,train,PATIENT_2137,0
21381.jpg,train,PATIENT_2138,0
21391.jpg,train,PATIENT_2139,0
21401.jpg,train,PATIENT_2140,0
21411.jpg,train,PATIENT_2141,0
21421.jpg,train,PATIENT_2142,0
21431.jpg,train,PATIENT_2143,0
21441.jpg,train,PATIENT_2144,0
21451.jpg,train,PATIENT_2145,0
21461.jpg,train,PATIENT_2146,0
21481.jpg,train,PATIENT_2148,0
21491.jpg,train,PATIENT_2149,0
21501.jpg,train,PATIENT_2150,0
21511.jpg,train,PATIENT_2151,0
21521.jpg,train,PATIENT_2152,0
21531.jpg,train,PATIENT_2153,0
21541.jpg,train,PATIENT_2154,0
21551.jpg,train,PATIENT_2155,0
21561.jpg,train,PATIENT_2156,0
21571.jpg,train,PATIENT_2157,0
21591.jpg,train,PATIENT_2159,0
21611.jpg,train,PATIENT_2161,0
21621.jpg,train,PATIENT_2162,0
21631.jpg,train,PATIENT_2163,0
21641.jpg,train,PATIENT_2164,0
21651.jpg,train,PATIENT_2165,0
21681.jpg,train,PATIENT_2168,0
21691.jpg,train,PATIENT_2169,0
21701.jpg,train,PATIENT_2170,0
21711.jpg,train,PATIENT_2171,0
21721.jpg,train,PATIENT_2172,0
21731.jpg,train,PATIENT_2173,0
21751.jpg,train,PATIENT_2175,0
21761.jpg,train,PATIENT_2176,0
21771.jpg,train,PATIENT_2177,0
21781.jpg,train,PATIENT_2178,0
21791.jpg,train,PATIENT_2179,0
21801.jpg,train,PATIENT_2180,0
21821.jpg,train,PATIENT_2182,0
21831.jpg,train,PATIENT_2183,0
21851.jpg,train,PATIENT_2185,0
21861.jpg,train,PATIENT_2186,0
21871.jpg,train,PATIENT_2187,0
21881.jpg,train,PATIENT_2188,0
21891.jpg,train,PATIENT_2189,0
21901.jpg,train,PATIENT_2190,0
21911.jpg,train,PATIENT_2191,0
21921.jpg,train,PATIENT_2192,0
21931.jpg,train,PATIENT_2193,0
21941.jpg,train,PATIENT_2194,0
21951.jpg,train,PATIENT_2195,0
21961.jpg,train,PATIENT_2196,0
21971.jpg,train,PATIENT_2197,0
21981.jpg,train,PATIENT_2198,0
22001.jpg,train,PATIENT_2200,0
22011.jpg,train,PATIENT_2201,0
22021.jpg,train,PATIENT_2202,0
22031.jpg,train,PATIENT_2203,0
22041.jpg,train,PATIENT_2204,0
22051.jpg,train,PATIENT_2205,0
22061.jpg,train,PATIENT_2206,0
22071.jpg,train,PATIENT_2207,0
22081.jpg,train,PATIENT_2208,0
22091.jpg,train,PATIENT_2209,0
22101.jpg,train,PATIENT_2210,0
22121.jpg,train,PATIENT_2212,0
22131.jpg,train,PATIENT_2213,0
22141.jpg,train,PATIENT_2214,0
22151.jpg,train,PATIENT_2215,0
22161.jpg,train,PATIENT_2216,0
22171.jpg,train,PATIENT_2217,0
22181.jpg,train,PATIENT_2218,0
22191.jpg,train,PATIENT_2219,0
22201.jpg,train,PATIENT_2220,0
22211.jpg,train,PATIENT_2221,0
22221.jpg,train,PATIENT_2222,0
22231.jpg,train,PATIENT_2223,0
22241.jpg,train,PATIENT_2224,0
22251.jpg,train,PATIENT_2225,0
22271.jpg,train,PATIENT_2227,0
22281.jpg,train,PATIENT_2228,0
22291.jpg,train,PATIENT_2229,0
22301.jpg,train,PATIENT_2230,0
22311.jpg,train,PATIENT_2231,0
22341.jpg,train,PATIENT_2234,0
22371.jpg,train,PATIENT_2237,0
22381.jpg,train,PATIENT_2238,0
22391.jpg,train,PATIENT_2239,0
22401.jpg,train,PATIENT_2240,0
22411.jpg,train,PATIENT_2241,0
22421.jpg,train,PATIENT_2242,0
22431.jpg,train,PATIENT_2243,0
22451.jpg,train,PATIENT_2245,0
22461.jpg,train,PATIENT_2246,0
22491.jpg,train,PATIENT_2249,0
22501.jpg,train,PATIENT_2250,0
22511.jpg,train,PATIENT_2251,0
22521.jpg,train,PATIENT_2252,0
22531.jpg,train,PATIENT_2253,0
22541.jpg,train,PATIENT_2254,0
22551.jpg,train,PATIENT_2255,0
22561.jpg,train,PATIENT_2256,0
22571.jpg,train,PATIENT_2257,0
22581.jpg,train,PATIENT_2258,0
22601.jpg,train,PATIENT_2260,0
22611.jpg,train,PATIENT_2261,0
22621.jpg,train,PATIENT_2262,0
22641.jpg,train,PATIENT_2264,0
22651.jpg,train,PATIENT_2265,0
22661.jpg,train,PATIENT_2266,0
22671.jpg,train,PATIENT_2267,0
22681.jpg,train,PATIENT_2268,0
22691.jpg,train,PATIENT_2269,0
22701.jpg,train,PATIENT_2270,0
22711.jpg,train,PATIENT_2271,0
22721.jpg,train,PATIENT_2272,0
22741.jpg,train,PATIENT_2274,0
22751.jpg,train,PATIENT_2275,0
22761.jpg,train,PATIENT_2276,0
22781.jpg,train,PATIENT_2278,0
22801.jpg,train,PATIENT_2280,0
22811.jpg,train,PATIENT_2281,0
22831.jpg,train,PATIENT_2283,0
22841.jpg,train,PATIENT_2284,0
22851.jpg,train,PATIENT_2285,0
22861.jpg,train,PATIENT_2286,0
22891.jpg,train,PATIENT_2289,0
22901.jpg,train,PATIENT_2290,0
22921.jpg,train,PATIENT_2292,0
22931.jpg,train,PATIENT_2293,0
22941.jpg,train,PATIENT_2294,0
22951.jpg,train,PATIENT_2295,0
22961.jpg,train,PATIENT_2296,0
22971.jpg,train,PATIENT_2297,0
22991.jpg,train,PATIENT_2299,0
23021.jpg,train,PATIENT_2302,0
23031.jpg,train,PATIENT_2303,0
23041.jpg,train,PATIENT_2304,0
23061.jpg,train,PATIENT_2306,0
23071.jpg,train,PATIENT_2307,0
23081.jpg,train,PATIENT_2308,0
23091.jpg,train,PATIENT_2309,0
23111.jpg,train,PATIENT_2311,0
23121.jpg,train,PATIENT_2312,0
23141.jpg,train,PATIENT_2314,0
23151.jpg,train,PATIENT_2315,0
23161.jpg,train,PATIENT_2316,0
23181.jpg,train,PATIENT_2318,0
23191.jpg,train,PATIENT_2319,0
23201.jpg,train,PATIENT_2320,0
23251.jpg,train,PATIENT_2325,0
23261.jpg,train,PATIENT_2326,0
23271.jpg,train,PATIENT_2327,0
23281.jpg,train,PATIENT_2328,0
23291.jpg,train,PATIENT_2329,0
23301.jpg,train,PATIENT_2330,0
23311.jpg,train,PATIENT_2331,0
23321.jpg,train,PATIENT_2332,0
23341.jpg,train,PATIENT_2334,0
23351.jpg,train,PATIENT_2335,0
23361.jpg,train,PATIENT_2336,0
23381.jpg,train,PATIENT_2338,0
23391.jpg,train,PATIENT_2339,0
23401.jpg,train,PATIENT_2340,0
23451.jpg,train,PATIENT_2345,0
23461.jpg,train,PATIENT_2346,0
23471.jpg,train,PATIENT_2347,0
23481.jpg,train,PATIENT_2348,0
23491.jpg,train,PATIENT_2349,0
23521.jpg,train,PATIENT_2352,0
23531.jpg,train,PATIENT_2353,0
23541.jpg,train,PATIENT_2354,0
23551.jpg,train,PATIENT_2355,0
23571.jpg,train,PATIENT_2357,0
23581.jpg,train,PATIENT_2358,0
23591.jpg,train,PATIENT_2359,0
23611.jpg,train,PATIENT_2361,0
23631.jpg,train,PATIENT_2363,0
23641.jpg,train,PATIENT_2364,0
23651.jpg,train,PATIENT_2365,0
23661.jpg,train,PATIENT_2366,0
23671.jpg,train,PATIENT_2367,0
23681.jpg,train,PATIENT_2368,0
23701.jpg,train,PATIENT_2370,0
23711.jpg,train,PATIENT_2371,0
23721.jpg,train,PATIENT_2372,0
23741.jpg,train,PATIENT_2374,0
23751.jpg,train,PATIENT_2375,0
23761.jpg,train,PATIENT_2376,0
23771.jpg,train,PATIENT_2377,0
23781.jpg,train,PATIENT_2378,0
23791.jpg,train,PATIENT_2379,0
23801.jpg,train,PATIENT_2380,0
23811.jpg,train,PATIENT_2381,0
23841.jpg,train,PATIENT_2384,0
23881.jpg,train,PATIENT_2388,0
23891.jpg,train,PATIENT_2389,0
23901.jpg,train,PATIENT_2390,0
23911.jpg,train,PATIENT_2391,0
23921.jpg,train,PATIENT_2392,0
23931.jpg,train,PATIENT_2393,0
23941.jpg,train,PATIENT_2394,0
23951.jpg,train,PATIENT_2395,0
23961.jpg,train,PATIENT_2396,0
23971.jpg,train,PATIENT_2397,0
23981.jpg,train,PATIENT_2398,0
23991.jpg,train,PATIENT_2399,0
24001.jpg,train,PATIENT_2400,0
24011.jpg,train,PATIENT_2401,0
24021.jpg,train,PATIENT_2402,0
24031.jpg,train,PATIENT_2403,0
24041.jpg,train,PATIENT_2404,0
24051.jpg,train,PATIENT_2405,0
24061.jpg,train,PATIENT_2406,0
24071.jpg,train,PATIENT_2407,0
24081.jpg,train,PATIENT_2408,0
24101.jpg,train,PATIENT_2410,0
24111.jpg,train,PATIENT_2411,0
24131.jpg,train,PATIENT_2413,0
24141.jpg,train,PATIENT_2414,0
24151.jpg,train,PATIENT_2415,0
24161.jpg,train,PATIENT_2416,0
24181.jpg,train,PATIENT_2418,0
24201.jpg,train,PATIENT_2420,0
24211.jpg,train,PATIENT_2421,0
24221.jpg,train,PATIENT_2422,0
24241.jpg,train,PATIENT_2424,0
24251.jpg,train,PATIENT_2425,0
24261.jpg,train,PATIENT_2426,0
24271.jpg,train,PATIENT_2427,0
24301.jpg,train,PATIENT_2430,0
24311.jpg,train,PATIENT_2431,0
24331.jpg,train,PATIENT_2433,0
24341.jpg,train,PATIENT_2434,0
24351.jpg,train,PATIENT_2435,0
24361.jpg,train,PATIENT_2436,0
24371.jpg,train,PATIENT_2437,0
24381.jpg,train,PATIENT_2438,0
24391.jpg,train,PATIENT_2439,0
24401.jpg,train,PATIENT_2440,0
24411.jpg,train,PATIENT_2441,0
24441.jpg,train,PATIENT_2444,0
24451.jpg,train,PATIENT_2445,0
24461.jpg,train,PATIENT_2446,0
24471.jpg,train,PATIENT_2447,0
24481.jpg,train,PATIENT_2448,0
24491.jpg,train,PATIENT_2449,0
24501.jpg,train,PATIENT_2450,0
24511.jpg,train,PATIENT_2451,0
24521.jpg,train,PATIENT_2452,0
24531.jpg,train,PATIENT_2453,0
24541.jpg,train,PATIENT_2454,0
24561.jpg,train,PATIENT_2456,0
24571.jpg,train,PATIENT_2457,0
24581.jpg,train,PATIENT_2458,0
24591.jpg,train,PATIENT_2459,0
24601.jpg,train,PATIENT_2460,0
24611.jpg,train,PATIENT_2461,0
24621.jpg,train,PATIENT_2462,0
24631.jpg,train,PATIENT_2463,0
24661.jpg,train,PATIENT_2466,0
24671.jpg,train,PATIENT_2467,0
24691.jpg,train,PATIENT_2469,0
24701.jpg,train,PATIENT_2470,0
24711.jpg,train,PATIENT_2471,0
24721.jpg,train,PATIENT_2472,0
24731.jpg,train,PATIENT_2473,0
24741.jpg,train,PATIENT_2474,0
24751.jpg,train,PATIENT_2475,0
24761.jpg,train,PATIENT_2476,0
24771.jpg,train,PATIENT_2477,0
24791.jpg,train,PATIENT_2479,0
24801.jpg,train,PATIENT_2480,0
24811.jpg,train,PATIENT_2481,0
24821.jpg,train,PATIENT_2482,0
24851.jpg,train,PATIENT_2485,0
24861.jpg,train,PATIENT_2486,0
24871.jpg,train,PATIENT_2487,0
24881.jpg,train,PATIENT_2488,0
24891.jpg,train,PATIENT_2489,0
24901.jpg,train,PATIENT_2490,0
24911.jpg,train,PATIENT_2491,0
24921.jpg,train,PATIENT_2492,0
24931.jpg,train,PATIENT_2493,0
24941.jpg,train,PATIENT_2494,0
24951.jpg,train,PATIENT_2495,0
24961.jpg,train,PATIENT_2496,0
24971.jpg,train,PATIENT_2497,0
24981.jpg,train,PATIENT_2498,0
24991.jpg,train,PATIENT_2499,0
25001.jpg,train,PATIENT_2500,0
25011.jpg,train,PATIENT_2501,0
25021.jpg,train,PATIENT_2502,0
25031.jpg,train,PATIENT_2503,0
25041.jpg,train,PATIENT_2504,0
25051.jpg,train,PATIENT_2505,0
25061.jpg,train,PATIENT_2506,0
25071.jpg,train,PATIENT_2507,0
25081.jpg,train,PATIENT_2508,0
25091.jpg,train,PATIENT_2509,0
25111.jpg,train,PATIENT_2511,0
25121.jpg,train,PATIENT_2512,0
25131.jpg,train,PATIENT_2513,0
25141.jpg,train,PATIENT_2514,0
25191.jpg,train,PATIENT_2519,0
25211.jpg,train,PATIENT_2521,0
25221.jpg,train,PATIENT_2522,0
25231.jpg,train,PATIENT_2523,0
25241.jpg,train,PATIENT_2524,0
25251.jpg,train,PATIENT_2525,0
25261.jpg,train,PATIENT_2526,0
25271.jpg,train,PATIENT_2527,0
25291.jpg,train,PATIENT_2529,0
25301.jpg,train,PATIENT_2530,0
25311.jpg,train,PATIENT_2531,0
25331.jpg,train,PATIENT_2533,0
25351.jpg,train,PATIENT_2535,0
25361.jpg,train,PATIENT_2536,0
25381.jpg,train,PATIENT_2538,0
25391.jpg,train,PATIENT_2539,0
25401.jpg,train,PATIENT_2540,0
25411.jpg,train,PATIENT_2541,0
25421.jpg,train,PATIENT_2542,0
25431.jpg,train,PATIENT_2543,0
25441.jpg,train,PATIENT_2544,0
25451.jpg,train,PATIENT_2545,0
25461.jpg,train,PATIENT_2546,0
25471.jpg,train,PATIENT_2547,0
25481.jpg,train,PATIENT_2548,0
25491.jpg,train,PATIENT_2549,0
25511.jpg,train,PATIENT_2551,0
25521.jpg,train,PATIENT_2552,0
25531.jpg,train,PATIENT_2553,0
25541.jpg,train,PATIENT_2554,0
25551.jpg,train,PATIENT_2555,0
25561.jpg,train,PATIENT_2556,0
25591.jpg,train,PATIENT_2559,0
25601.jpg,train,PATIENT_2560,0
25611.jpg,train,PATIENT_2561,0
25621.jpg,train,PATIENT_2562,0
25631.jpg,train,PATIENT_2563,0
25641.jpg,train,PATIENT_2564,0
25651.jpg,train,PATIENT_2565,0
25661.jpg,train,PATIENT_2566,0
25671.jpg,train,PATIENT_2567,0
25681.jpg,train,PATIENT_2568,0
25691.jpg,train,PATIENT_2569,0
25701.jpg,train,PATIENT_2570,0
25711.jpg,train,PATIENT_2571,0
25721.jpg,train,PATIENT_2572,0
25731.jpg,train,PATIENT_2573,0
25751.jpg,train,PATIENT_2575,0
25761.jpg,train,PATIENT_2576,0
25771.jpg,train,PATIENT_2577,0
25791.jpg,train,PATIENT_2579,0
25821.jpg,train,PATIENT_2582,0
25831.jpg,train,PATIENT_2583,0
25841.jpg,train,PATIENT_2584,0
25851.jpg,train,PATIENT_2585,0
25881.jpg,train,PATIENT_2588,0
25891.jpg,train,PATIENT_2589,0
25911.jpg,train,PATIENT_2591,0
25921.jpg,train,PATIENT_2592,0
25931.jpg,train,PATIENT_2593,0
25941.jpg,train,PATIENT_2594,0
25961.jpg,train,PATIENT_2596,0
25971.jpg,train,PATIENT_2597,0
25981.jpg,train,PATIENT_2598,0
26001.jpg,train,PATIENT_2600,0
26011.jpg,train,PATIENT_2601,0
26041.jpg,train,PATIENT_2604,0
26051.jpg,train,PATIENT_2605,0
26061.jpg,train,PATIENT_2606,0
26071.jpg,train,PATIENT_2607,0
26081.jpg,train,PATIENT_2608,0
26091.jpg,train,PATIENT_2609,0
26101.jpg,train,PATIENT_2610,0
26111.jpg,train,PATIENT_2611,0
26121.jpg,train,PATIENT_2612,0
26151.jpg,train,PATIENT_2615,0
26161.jpg,train,PATIENT_2616,0
26171.jpg,train,PATIENT_2617,0
26181.jpg,train,PATIENT_2618,0
26191.jpg,train,PATIENT_2619,0
26201.jpg,train,PATIENT_2620,0
26221.jpg,train,PATIENT_2622,0
26231.jpg,train,PATIENT_2623,0
26241.jpg,train,PATIENT_2624,0
26251.jpg,train,PATIENT_2625,0
26271.jpg,train,PATIENT_2627,0
26281.jpg,train,PATIENT_2628,0
26291.jpg,train,PATIENT_2629,0
26301.jpg,train,PATIENT_2630,0
26311.jpg,train,PATIENT_2631,0
26321.jpg,train,PATIENT_2632,0
26331.jpg,train,PATIENT_2633,0
26341.jpg,train,PATIENT_2634,0
26351.jpg,train,PATIENT_2635,0
26361.jpg,train,PATIENT_2636,0
26371.jpg,train,PATIENT_2637,0
26381.jpg,train,PATIENT_2638,0
26391.jpg,train,PATIENT_2639,0
26401.jpg,train,PATIENT_2640,0
26411.jpg,train,PATIENT_2641,0
26421.jpg,train,PATIENT_2642,0
26431.jpg,train,PATIENT_2643,0
26441.jpg,train,PATIENT_2644,0
26451.jpg,train,PATIENT_2645,0
26461.jpg,train,PATIENT_2646,0
26471.jpg,train,PATIENT_2647,0
26481.jpg,train,PATIENT_2648,0
26491.jpg,train,PATIENT_2649,0
26501.jpg,train,PATIENT_2650,0
26511.jpg,train,PATIENT_2651,0
26521.jpg,train,PATIENT_2652,0
26531.jpg,train,PATIENT_2653,0
26541.jpg,train,PATIENT_2654,0
26551.jpg,train,PATIENT_2655,0
26561.jpg,train,PATIENT_2656,0
26581.jpg,train,PATIENT_2658,0
26621.jpg,train,PATIENT_2662,0
26631.jpg,train,PATIENT_2663,0
26661.jpg,train,PATIENT_2666,0
26671.jpg,train,PATIENT_2667,0
26681.jpg,train,PATIENT_2668,0
26691.jpg,train,PATIENT_2669,0
26701.jpg,train,PATIENT_2670,0
26711.jpg,train,PATIENT_2671,0
26721.jpg,train,PATIENT_2672,0
26731.jpg,train,PATIENT_2673,0
26741.jpg,train,PATIENT_2674,0
26751.jpg,train,PATIENT_2675,0
26761.jpg,train,PATIENT_2676,0
26771.jpg,train,PATIENT_2677,0
26781.jpg,train,PATIENT_2678,0
26791.jpg,train,PATIENT_2679,0
26801.jpg,train,PATIENT_2680,0
26821.jpg,train,PATIENT_2682,0
26831.jpg,train,PATIENT_2683,0
26841.jpg,train,PATIENT_2684,0
26851.jpg,train,PATIENT_2685,0
26881.jpg,train,PATIENT_2688,0
26891.jpg,train,PATIENT_2689,0
26901.jpg,train,PATIENT_2690,0
26921.jpg,train,PATIENT_2692,0
26931.jpg,train,PATIENT_2693,0
26941.jpg,train,PATIENT_2694,0
26951.jpg,train,PATIENT_2695,0
26961.jpg,train,PATIENT_2696,0
26971.jpg,train,PATIENT_2697,0
26981.jpg,train,PATIENT_2698,0
26991.jpg,train,PATIENT_2699,0
27001.jpg,train,PATIENT_2700,0
27011.jpg,train,PATIENT_2701,0
27021.jpg,train,PATIENT_2702,0
27031.jpg,train,PATIENT_2703,0
27041.jpg,train,PATIENT_2704,0
27051.jpg,train,PATIENT_2705,0
27061.jpg,train,PATIENT_2706,0
27071.jpg,train,PATIENT_2707,0
27081.jpg,train,PATIENT_2708,0
27091.jpg,train,PATIENT_2709,0
27101.jpg,train,PATIENT_2710,0
27121.jpg,train,PATIENT_2712,0
27131.jpg,train,PATIENT_2713,0
27151.jpg,train,PATIENT_2715,0
27161.jpg,train,PATIENT_2716,0
27181.jpg,train,PATIENT_2718,0
27191.jpg,train,PATIENT_2719,0
27201.jpg,train,PATIENT_2720,0
27221.jpg,train,PATIENT_2722,0
27231.jpg,train,PATIENT_2723,0
27261.jpg,train,PATIENT_2726,0
27271.jpg,train,PATIENT_2727,0
27281.jpg,train,PATIENT_2728,0
27291.jpg,train,PATIENT_2729,0
27311.jpg,train,PATIENT_2731,0
27321.jpg,train,PATIENT_2732,0
27331.jpg,train,PATIENT_2733,0
27341.jpg,train,PATIENT_2734,0
27351.jpg,train,PATIENT_2735,0
27361.jpg,train,PATIENT_2736,0
27371.jpg,train,PATIENT_2737,0
27381.jpg,train,PATIENT_2738,0
27391.jpg,train,PATIENT_2739,0
27401.jpg,train,PATIENT_2740,0
27411.jpg,train,PATIENT_2741,0
27421.jpg,train,PATIENT_2742,0
27431.jpg,train,PATIENT_2743,0
27441.jpg,train,PATIENT_2744,0
27451.jpg,train,PATIENT_2745,0
27461.jpg,train,PATIENT_2746,0
27471.jpg,train,PATIENT_2747,0
27481.jpg,train,PATIENT_2748,0
27491.jpg,train,PATIENT_2749,0
27501.jpg,train,PATIENT_2750,0
27521.jpg,train,PATIENT_2752,0
27541.jpg,train,PATIENT_2754,0
27551.jpg,train,PATIENT_2755,0
27561.jpg,train,PATIENT_2756,0
27571.jpg,train,PATIENT_2757,0
27591.jpg,train,PATIENT_2759,0
27601.jpg,train,PATIENT_2760,0
27621.jpg,train,PATIENT_2762,0
27641.jpg,train,PATIENT_2764,0
27651.jpg,train,PATIENT_2765,0
27691.jpg,train,PATIENT_2769,0
27701.jpg,train,PATIENT_2770,0
27711.jpg,train,PATIENT_2771,0
27721.jpg,train,PATIENT_2772,0
27741.jpg,train,PATIENT_2774,0
27751.jpg,train,PATIENT_2775,0
27761.jpg,train,PATIENT_2776,0
27771.jpg,train,PATIENT_2777,0
27801.jpg,train,PATIENT_2780,0
27821.jpg,train,PATIENT_2782,0
27841.jpg,train,PATIENT_2784,0
27851.jpg,train,PATIENT_2785,0
27861.jpg,train,PATIENT_2786,0
27871.jpg,train,PATIENT_2787,0
27881.jpg,train,PATIENT_2788,0
27891.jpg,train,PATIENT_2789,0
27911.jpg,train,PATIENT_2791,0
27921.jpg,train,PATIENT_2792,0
27931.jpg,train,PATIENT_2793,0
27951.jpg,train,PATIENT_2795,0
27971.jpg,train,PATIENT_2797,0
27981.jpg,train,PATIENT_2798,0
27991.jpg,train,PATIENT_2799,0
28001.jpg,train,PATIENT_2800,0
28021.jpg,train,PATIENT_2802,0
28031.jpg,train,PATIENT_2803,0
28041.jpg,train,PATIENT_2804,0
28051.jpg,train,PATIENT_2805,0
28061.jpg,train,PATIENT_2806,0
28071.jpg,train,PATIENT_2807,0
28081.jpg,train,PATIENT_2808,0
28091.jpg,train,PATIENT_2809,0
28101.jpg,train,PATIENT_2810,0
28111.jpg,train,PATIENT_2811,0
28121.jpg,train,PATIENT_2812,0
28131.jpg,train,PATIENT_2813,0
28141.jpg,train,PATIENT_2814,0
28151.jpg,train,PATIENT_2815,0
28171.jpg,train,PATIENT_2817,0
28181.jpg,train,PATIENT_2818,0
28191.jpg,train,PATIENT_2819,0
28211.jpg,train,PATIENT_2821,0
28221.jpg,train,PATIENT_2822,0
28231.jpg,train,PATIENT_2823,0
28241.jpg,train,PATIENT_2824,0
28251.jpg,train,PATIENT_2825,0
28261.jpg,train,PATIENT_2826,0
28271.jpg,train,PATIENT_2827,0
28281.jpg,train,PATIENT_2828,0
28291.jpg,train,PATIENT_2829,0
28301.jpg,train,PATIENT_2830,0
28331.jpg,train,PATIENT_2833,0
28341.jpg,train,PATIENT_2834,0
28351.jpg,train,PATIENT_2835,0
28361.jpg,train,PATIENT_2836,0
28371.jpg,train,PATIENT_2837,0
28381.jpg,train,PATIENT_2838,0
28391.jpg,train,PATIENT_2839,0
28401.jpg,train,PATIENT_2840,0
28411.jpg,train,PATIENT_2841,0
28421.jpg,train,PATIENT_2842,0
28431.jpg,train,PATIENT_2843,0
28441.jpg,train,PATIENT_2844,0
28451.jpg,train,PATIENT_2845,0
28471.jpg,train,PATIENT_2847,0
28481.jpg,train,PATIENT_2848,0
28501.jpg,train,PATIENT_2850,0
28511.jpg,train,PATIENT_2851,0
28521.jpg,train,PATIENT_2852,0
28531.jpg,train,PATIENT_2853,0
28541.jpg,train,PATIENT_2854,0
28551.jpg,train,PATIENT_2855,0
28561.jpg,train,PATIENT_2856,0
28581.jpg,train,PATIENT_2858,0
28591.jpg,train,PATIENT_2859,0
28601.jpg,train,PATIENT_2860,0
28611.jpg,train,PATIENT_2861,0
28621.jpg,train,PATIENT_2862,0
28631.jpg,train,PATIENT_2863,0
28641.jpg,train,PATIENT_2864,0
28651.jpg,train,PATIENT_2865,0
28661.jpg,train,PATIENT_2866,0
28671.jpg,train,PATIENT_2867,0
28681.jpg,train,PATIENT_2868,0
28691.jpg,train,PATIENT_2869,0
28701.jpg,train,PATIENT_2870,0
28711.jpg,train,PATIENT_2871,0
28721.jpg,train,PATIENT_2872,0
28731.jpg,train,PATIENT_2873,0
28741.jpg,train,PATIENT_2874,0
28761.jpg,train,PATIENT_2876,0
28771.jpg,train,PATIENT_2877,0
28781.jpg,train,PATIENT_2878,0
28801.jpg,train,PATIENT_2880,0
28811.jpg,train,PATIENT_2881,0
28821.jpg,train,PATIENT_2882,0
28831.jpg,train,PATIENT_2883,0
28841.jpg,train,PATIENT_2884,0
28851.jpg,train,PATIENT_2885,0
28861.jpg,train,PATIENT_2886,0
28871.jpg,train,PATIENT_2887,0
28881.jpg,train,PATIENT_2888,0
28891.jpg,train,PATIENT_2889,0
28901.jpg,train,PATIENT_2890,0
28911.jpg,train,PATIENT_2891,0
28921.jpg,train,PATIENT_2892,0
28931.jpg,train,PATIENT_2893,0
28941.jpg,train,PATIENT_2894,0
28951.jpg,train,PATIENT_2895,0
28961.jpg,train,PATIENT_2896,0
28981.jpg,train,PATIENT_2898,0
28991.jpg,train,PATIENT_2899,0
29021.jpg,train,PATIENT_2902,0
29031.jpg,train,PATIENT_2903,0
29041.jpg,train,PATIENT_2904,0
29051.jpg,train,PATIENT_2905,0
29061.jpg,train,PATIENT_2906,0
29071.jpg,train,PATIENT_2907,0
29081.jpg,train,PATIENT_2908,0
29091.jpg,train,PATIENT_2909,0
29111.jpg,train,PATIENT_2911,0
29131.jpg,train,PATIENT_2913,0
29141.jpg,train,PATIENT_2914,0
29171.jpg,train,PATIENT_2917,0
29181.jpg,train,PATIENT_2918,0
29191.jpg,train,PATIENT_2919,0
29201.jpg,train,PATIENT_2920,0
29211.jpg,train,PATIENT_2921,0
29221.jpg,train,PATIENT_2922,0
29231.jpg,train,PATIENT_2923,0
29251.jpg,train,PATIENT_2925,0
29261.jpg,train,PATIENT_2926,0
29271.jpg,train,PATIENT_2927,0
29281.jpg,train,PATIENT_2928,0
29291.jpg,train,PATIENT_2929,0
29311.jpg,train,PATIENT_2931,0
29321.jpg,train,PATIENT_2932,0
29331.jpg,train,PATIENT_2933,0
29341.jpg,train,PATIENT_2934,0
29361.jpg,train,PATIENT_2936,0
29371.jpg,train,PATIENT_2937,0
29381.jpg,train,PATIENT_2938,0
29391.jpg,train,PATIENT_2939,0
29401.jpg,train,PATIENT_2940,0
29411.jpg,train,PATIENT_2941,0
29421.jpg,train,PATIENT_2942,0
29431.jpg,train,PATIENT_2943,0
29451.jpg,train,PATIENT_2945,0
29461.jpg,train,PATIENT_2946,0
29471.jpg,train,PATIENT_2947,0
29481.jpg,train,PATIENT_2948,0
29491.jpg,train,PATIENT_2949,0
29501.jpg,train,PATIENT_2950,0
29511.jpg,train,PATIENT_2951,0
29521.jpg,train,PATIENT_2952,0
29531.jpg,train,PATIENT_2953,0
29541.jpg,train,PATIENT_2954,0
29551.jpg,train,PATIENT_2955,0
29561.jpg,train,PATIENT_2956,0
29571.jpg,train,PATIENT_2957,0
29581.jpg,train,PATIENT_2958,0
29591.jpg,train,PATIENT_2959,0
29601.jpg,train,PATIENT_2960,0
29621.jpg,train,PATIENT_2962,0
29631.jpg,train,PATIENT_2963,0
29641.jpg,train,PATIENT_2964,0
29661.jpg,train,PATIENT_2966,0
29681.jpg,train,PATIENT_2968,0
29691.jpg,train,PATIENT_2969,0
29701.jpg,train,PATIENT_2970,0
29711.jpg,train,PATIENT_2971,0
29721.jpg,train,PATIENT_2972,0
29731.jpg,train,PATIENT_2973,0
29751.jpg,train,PATIENT_2975,0
29771.jpg,train,PATIENT_2977,0
29781.jpg,train,PATIENT_2978,0
29791.jpg,train,PATIENT_2979,0
29801.jpg,train,PATIENT_2980,0
29821.jpg,train,PATIENT_2982,0
29831.jpg,train,PATIENT_2983,0
29851.jpg,train,PATIENT_2985,0
29861.jpg,train,PATIENT_2986,0
29871.jpg,train,PATIENT_2987,0
29881.jpg,train,PATIENT_2988,0
29901.jpg,train,PATIENT_2990,0
29911.jpg,train,PATIENT_2991,0
29921.jpg,train,PATIENT_2992,0
29931.jpg,train,PATIENT_2993,0
29941.jpg,train,PATIENT_2994,0
29951.jpg,train,PATIENT_2995,0
29961.jpg,train,PATIENT_2996,0
29971.jpg,train,PATIENT_2997,0
29981.jpg,train,PATIENT_2998,0
29991.jpg,train,PATIENT_2999,0
30001.jpg,train,PATIENT_3000,0
30011.jpg,train,PATIENT_3001,0
30021.jpg,train,PATIENT_3002,0
30041.jpg,train,PATIENT_3004,0
30051.jpg,train,PATIENT_3005,0
30061.jpg,train,PATIENT_3006,0
30071.jpg,train,PATIENT_3007,0
30081.jpg,train,PATIENT_3008,0
30091.jpg,train,PATIENT_3009,0
30101.jpg,train,PATIENT_3010,0
30111.jpg,train,PATIENT_3011,0
30121.jpg,train,PATIENT_3012,0
30131.jpg,train,PATIENT_3013,0
30141.jpg,train,PATIENT_3014,0
30151.jpg,train,PATIENT_3015,0
30161.jpg,train,PATIENT_3016,0
30171.jpg,train,PATIENT_3017,0
30181.jpg,train,PATIENT_3018,0
30201.jpg,train,PATIENT_3020,0
30211.jpg,train,PATIENT_3021,0
30221.jpg,train,PATIENT_3022,0
30231.jpg,train,PATIENT_3023,0
30241.jpg,train,PATIENT_3024,0
30251.jpg,train,PATIENT_3025,0
30261.jpg,train,PATIENT_3026,0
30271.jpg,train,PATIENT_3027,0
30281.jpg,train,PATIENT_3028,0
30291.jpg,train,PATIENT_3029,0
30301.jpg,train,PATIENT_3030,0
30321.jpg,train,PATIENT_3032,0
30331.jpg,train,PATIENT_3033,0
30351.jpg,train,PATIENT_3035,0
30361.jpg,train,PATIENT_3036,0
30381.jpg,train,PATIENT_3038,0
30391.jpg,train,PATIENT_3039,0
30411.jpg,train,PATIENT_3041,0
30421.jpg,train,PATIENT_3042,0
30431.jpg,train,PATIENT_3043,0
30451.jpg,train,PATIENT_3045,0
30481.jpg,train,PATIENT_3048,0
30491.jpg,train,PATIENT_3049,0
30501.jpg,train,PATIENT_3050,0
30521.jpg,train,PATIENT_3052,0
30531.jpg,train,PATIENT_3053,0
30541.jpg,train,PATIENT_3054,0
30551.jpg,train,PATIENT_3055,0
30561.jpg,train,PATIENT_3056,0
30591.jpg,train,PATIENT_3059,0
30601.jpg,train,PATIENT_3060,0
30611.jpg,train,PATIENT_3061,0
30621.jpg,train,PATIENT_3062,0
30631.jpg,train,PATIENT_3063,0
30641.jpg,train,PATIENT_3064,0
30651.jpg,train,PATIENT_3065,0
30661.jpg,train,PATIENT_3066,0
30671.jpg,train,PATIENT_3067,0
30681.jpg,train,PATIENT_3068,0
30691.jpg,train,PATIENT_3069,0
30701.jpg,train,PATIENT_3070,0
30711.jpg,train,PATIENT_3071,0
30721.jpg,train,PATIENT_3072,0
30731.jpg,train,PATIENT_3073,0
30751.jpg,train,PATIENT_3075,0
30761.jpg,train,PATIENT_3076,0
30771.jpg,train,PATIENT_3077,0
30781.jpg,train,PATIENT_3078,0
30821.jpg,train,PATIENT_3082,0
30831.jpg,train,PATIENT_3083,0
30841.jpg,train,PATIENT_3084,0
30851.jpg,train,PATIENT_3085,0
30861.jpg,train,PATIENT_3086,0
30871.jpg,train,PATIENT_3087,0
30881.jpg,train,PATIENT_3088,0
30891.jpg,train,PATIENT_3089,0
30901.jpg,train,PATIENT_3090,0
30911.jpg,train,PATIENT_3091,0
30931.jpg,train,PATIENT_3093,0
30941.jpg,train,PATIENT_3094,0
30951.jpg,train,PATIENT_3095,0
30971.jpg,train,PATIENT_3097,0
30991.jpg,train,PATIENT_3099,0
31011.jpg,train,PATIENT_3101,0
31021.jpg,train,PATIENT_3102,0
31031.jpg,train,PATIENT_3103,0
31041.jpg,train,PATIENT_3104,0
31051.jpg,train,PATIENT_3105,0
31061.jpg,train,PATIENT_3106,0
31071.jpg,train,PATIENT_3107,0
31081.jpg,train,PATIENT_3108,0
31091.jpg,train,PATIENT_3109,0
31101.jpg,train,PATIENT_3110,0
31111.jpg,train,PATIENT_3111,0
31121.jpg,train,PATIENT_3112,0
31131.jpg,train,PATIENT_3113,0
31141.jpg,train,PATIENT_3114,0
31151.jpg,train,PATIENT_3115,0
31161.jpg,train,PATIENT_3116,0
31171.jpg,train,PATIENT_3117,0
31181.jpg,train,PATIENT_3118,0
31211.jpg,train,PATIENT_3121,0
31221.jpg,train,PATIENT_3122,0
31231.jpg,train,PATIENT_3123,0
31241.jpg,train,PATIENT_3124,0
31261.jpg,train,PATIENT_3126,0
31271.jpg,train,PATIENT_3127,0
31281.jpg,train,PATIENT_3128,0
31291.jpg,train,PATIENT_3129,0
31301.jpg,train,PATIENT_3130,0
31311.jpg,train,PATIENT_3131,0
31331.jpg,train,PATIENT_3133,0
31361.jpg,train,PATIENT_3136,0
31371.jpg,train,PATIENT_3137,0
31381.jpg,train,PATIENT_3138,0
31391.jpg,train,PATIENT_3139,0
31401.jpg,train,PATIENT_3140,0
31411.jpg,train,PATIENT_3141,0
31421.jpg,train,PATIENT_3142,0
31431.jpg,train,PATIENT_3143,0
31441.jpg,train,PATIENT_3144,0
31451.jpg,train,PATIENT_3145,0
31461.jpg,train,PATIENT_3146,0
31471.jpg,train,PATIENT_3147,0
31481.jpg,train,PATIENT_3148,0
31491.jpg,train,PATIENT_3149,0
31501.jpg,train,PATIENT_3150,0
31521.jpg,train,PATIENT_3152,0
31531.jpg,train,PATIENT_3153,0
31551.jpg,train,PATIENT_3155,0
31581.jpg,train,PATIENT_3158,0
31591.jpg,train,PATIENT_3159,0
31601.jpg,train,PATIENT_3160,0
31611.jpg,train,PATIENT_3161,0
31631.jpg,train,PATIENT_3163,0
31651.jpg,train,PATIENT_3165,0
31661.jpg,train,PATIENT_3166,0
31671.jpg,train,PATIENT_3167,0
31681.jpg,train,PATIENT_3168,0
31691.jpg,train,PATIENT_3169,0
31701.jpg,train,PATIENT_3170,0
31711.jpg,train,PATIENT_3171,0
31721.jpg,train,PATIENT_3172,0
31731.jpg,train,PATIENT_3173,0
31741.jpg,train,PATIENT_3174,0
31761.jpg,train,PATIENT_3176,0
31771.jpg,train,PATIENT_3177,0
31781.jpg,train,PATIENT_3178,0
31791.jpg,train,PATIENT_3179,0
31801.jpg,train,PATIENT_3180,0
31811.jpg,train,PATIENT_3181,0
31821.jpg,train,PATIENT_3182,0
31831.jpg,train,PATIENT_3183,0
31841.jpg,train,PATIENT_3184,0
31861.jpg,train,PATIENT_3186,0
31871.jpg,train,PATIENT_3187,0
31891.jpg,train,PATIENT_3189,0
31901.jpg,train,PATIENT_3190,0
31921.jpg,train,PATIENT_3192,0
31931.jpg,train,PATIENT_3193,0
31941.jpg,train,PATIENT_3194,0
31951.jpg,train,PATIENT_3195,0
31961.jpg,train,PATIENT_3196,0
31991.jpg,train,PATIENT_3199,0
32021.jpg,train,PATIENT_3202,0
32041.jpg,train,PATIENT_3204,0
32051.jpg,train,PATIENT_3205,0
32061.jpg,train,PATIENT_3206,0
32081.jpg,train,PATIENT_3208,0
32091.jpg,train,PATIENT_3209,0
32101.jpg,train,PATIENT_3210,0
32111.jpg,train,PATIENT_3211,0
32121.jpg,train,PATIENT_3212,0
32131.jpg,train,PATIENT_3213,0
32151.jpg,train,PATIENT_3215,0
32161.jpg,train,PATIENT_3216,0
32171.jpg,train,PATIENT_3217,0
32181.jpg,train,PATIENT_3218,0
32191.jpg,train,PATIENT_3219,0
32201.jpg,train,PATIENT_3220,0
32221.jpg,train,PATIENT_3222,0
32241.jpg,train,PATIENT_3224,0
32261.jpg,train,PATIENT_3226,0
32271.jpg,train,PATIENT_3227,0
32291.jpg,train,PATIENT_3229,0
32321.jpg,train,PATIENT_3232,0
32331.jpg,train,PATIENT_3233,0
32341.jpg,train,PATIENT_3234,0
32351.jpg,train,PATIENT_3235,0
32361.jpg,train,PATIENT_3236,0
32371.jpg,train,PATIENT_3237,0
32381.jpg,train,PATIENT_3238,0
32391.jpg,train,PATIENT_3239,0
32401.jpg,train,PATIENT_3240,0
32411.jpg,train,PATIENT_3241,0
32421.jpg,train,PATIENT_3242,0
32431.jpg,train,PATIENT_3243,0
32441.jpg,train,PATIENT_3244,0
32451.jpg,train,PATIENT_3245,0
32461.jpg,train,PATIENT_3246,0
32481.jpg,train,PATIENT_3248,0
32491.jpg,train,PATIENT_3249,0
32501.jpg,train,PATIENT_3250,0
32511.jpg,train,PATIENT_3251,0
32521.jpg,train,PATIENT_3252,0
32531.jpg,train,PATIENT_3253,0
32541.jpg,train,PATIENT_3254,0
32551.jpg,train,PATIENT_3255,0
32561.jpg,train,PATIENT_3256,0
32581.jpg,train,PATIENT_3258,0
32601.jpg,train,PATIENT_3260,0
32611.jpg,train,PATIENT_3261,0
32621.jpg,train,PATIENT_3262,0
32631.jpg,train,PATIENT_3263,0
32641.jpg,train,PATIENT_3264,0
32661.jpg,train,PATIENT_3266,0
32691.jpg,train,PATIENT_3269,0
32701.jpg,train,PATIENT_3270,0
32711.jpg,train,PATIENT_3271,0
32741.jpg,train,PATIENT_3274,0
32751.jpg,train,PATIENT_3275,0
32761.jpg,train,PATIENT_3276,0
32771.jpg,train,PATIENT_3277,0
32781.jpg,train,PATIENT_3278,0
32791.jpg,train,PATIENT_3279,0
32801.jpg,train,PATIENT_3280,0
32811.jpg,train,PATIENT_3281,0
32821.jpg,train,PATIENT_3282,0
32831.jpg,train,PATIENT_3283,0
32841.jpg,train,PATIENT_3284,0
32861.jpg,train,PATIENT_3286,0
32871.jpg,train,PATIENT_3287,0
32881.jpg,train,PATIENT_3288,0
32891.jpg,train,PATIENT_3289,0
32901.jpg,train,PATIENT_3290,0
32911.jpg,train,PATIENT_3291,0
32921.jpg,train,PATIENT_3292,0
32931.jpg,train,PATIENT_3293,0
32951.jpg,train,PATIENT_3295,0
32961.jpg,train,PATIENT_3296,0
32971.jpg,train,PATIENT_3297,0
32981.jpg,train,PATIENT_3298,0
32991.jpg,train,PATIENT_3299,0
33001.jpg,train,PATIENT_3300,0
33011.jpg,train,PATIENT_3301,0
33021.jpg,train,PATIENT_3302,0
33031.jpg,train,PATIENT_3303,0
33041.jpg,train,PATIENT_3304,0
33051.jpg,train,PATIENT_3305,0
33061.jpg,train,PATIENT_3306,0
33071.jpg,train,PATIENT_3307,0
33081.jpg,train,PATIENT_3308,0
33101.jpg,train,PATIENT_3310,0
33111.jpg,train,PATIENT_3311,0
33151.jpg,train,PATIENT_3315,0
33161.jpg,train,PATIENT_3316,0
33171.jpg,train,PATIENT_3317,0
33191.jpg,train,PATIENT_3319,0
33201.jpg,train,PATIENT_3320,0
33221.jpg,train,PATIENT_3322,0
33231.jpg,train,PATIENT_3323,0
33241.jpg,train,PATIENT_3324,0
33271.jpg,train,PATIENT_3327,0
33281.jpg,train,PATIENT_3328,0
33291.jpg,train,PATIENT_3329,0
33301.jpg,train,PATIENT_3330,0
33311.jpg,train,PATIENT_3331,0
33321.jpg,train,PATIENT_3332,0
33341.jpg,train,PATIENT_3334,0
33351.jpg,train,PATIENT_3335,0
33371.jpg,train,PATIENT_3337,0
33391.jpg,train,PATIENT_3339,0
33401.jpg,train,PATIENT_3340,0
33411.jpg,train,PATIENT_3341,0
33451.jpg,train,PATIENT_3345,0
33461.jpg,train,PATIENT_3346,0
33501.jpg,train,PATIENT_3350,0
33511.jpg,train,PATIENT_3351,0
33521.jpg,train,PATIENT_3352,0
33531.jpg,train,PATIENT_3353,0
33561.jpg,train,PATIENT_3356,0
33571.jpg,train,PATIENT_3357,0
33591.jpg,train,PATIENT_3359,0
33611.jpg,train,PATIENT_3361,0
33621.jpg,train,PATIENT_3362,0
33631.jpg,train,PATIENT_3363,0
33641.jpg,train,PATIENT_3364,0
33651.jpg,train,PATIENT_3365,0
33661.jpg,train,PATIENT_3366,0
33671.jpg,train,PATIENT_3367,0
33701.jpg,train,PATIENT_3370,0
33711.jpg,train,PATIENT_3371,0
33721.jpg,train,PATIENT_3372,0
33751.jpg,train,PATIENT_3375,0
33761.jpg,train,PATIENT_3376,0
33771.jpg,train,PATIENT_3377,0
33791.jpg,train,PATIENT_3379,0
33801.jpg,train,PATIENT_3380,0
33811.jpg,train,PATIENT_3381,0
33821.jpg,train,PATIENT_3382,0
33831.jpg,train,PATIENT_3383,0
33841.jpg,train,PATIENT_3384,0
33851.jpg,train,PATIENT_3385,0
33861.jpg,train,PATIENT_3386,0
33871.jpg,train,PATIENT_3387,0
33881.jpg,train,PATIENT_3388,0
33891.jpg,train,PATIENT_3389,0
33901.jpg,train,PATIENT_3390,0
33911.jpg,train,PATIENT_3391,0
33921.jpg,train,PATIENT_3392,0
33931.jpg,train,PATIENT_3393,0
33941.jpg,train,PATIENT_3394,0
33951.jpg,train,PATIENT_3395,0
33971.jpg,train,PATIENT_3397,0
34001.jpg,train,PATIENT_3400,0
34011.jpg,train,PATIENT_3401,0
34021.jpg,train,PATIENT_3402,0
34031.jpg,train,PATIENT_3403,0
34051.jpg,train,PATIENT_3405,0
34061.jpg,train,PATIENT_3406,0
34071.jpg,train,PATIENT_3407,0
34081.jpg,train,PATIENT_3408,0
34091.jpg,train,PATIENT_3409,0
34121.jpg,train,PATIENT_3412,0
34151.jpg,train,PATIENT_3415,0
34161.jpg,train,PATIENT_3416,0
34171.jpg,train,PATIENT_3417,0
34191.jpg,train,PATIENT_3419,0
34201.jpg,train,PATIENT_3420,0
34211.jpg,train,PATIENT_3421,0
34221.jpg,train,PATIENT_3422,0
34231.jpg,train,PATIENT_3423,0
34241.jpg,train,PATIENT_3424,0
34261.jpg,train,PATIENT_3426,0
34271.jpg,train,PATIENT_3427,0
34281.jpg,train,PATIENT_3428,0
34291.jpg,train,PATIENT_3429,0
34301.jpg,train,PATIENT_3430,0
34311.jpg,train,PATIENT_3431,0
34331.jpg,train,PATIENT_3433,0
34341.jpg,train,PATIENT_3434,0
34351.jpg,train,PATIENT_3435,0
34371.jpg,train,PATIENT_3437,0
34391.jpg,train,PATIENT_3439,0
34401.jpg,train,PATIENT_3440,0
34411.jpg,train,PATIENT_3441,0
34421.jpg,train,PATIENT_3442,0
34451.jpg,train,PATIENT_3445,0
34461.jpg,train,PATIENT_3446,0
34471.jpg,train,PATIENT_3447,0
34481.jpg,train,PATIENT_3448,0
34491.jpg,train,PATIENT_3449,0
34511.jpg,train,PATIENT_3451,0
34521.jpg,train,PATIENT_3452,0
34541.jpg,train,PATIENT_3454,0
34551.jpg,train,PATIENT_3455,0
34561.jpg,train,PATIENT_3456,0
34571.jpg,train,PATIENT_3457,0
34581.jpg,train,PATIENT_3458,0
34591.jpg,train,PATIENT_3459,0
34601.jpg,train,PATIENT_3460,0
34611.jpg,train,PATIENT_3461,0
34621.jpg,train,PATIENT_3462,0
34631.jpg,train,PATIENT_3463,0
34641.jpg,train,PATIENT_3464,0
34651.jpg,train,PATIENT_3465,0
34661.jpg,train,PATIENT_3466,0
34671.jpg,train,PATIENT_3467,0
34681.jpg,train,PATIENT_3468,0
34701.jpg,train,PATIENT_3470,0
34711.jpg,train,PATIENT_3471,0
34721.jpg,train,PATIENT_3472,0
34741.jpg,train,PATIENT_3474,0
34751.jpg,train,PATIENT_3475,0
34761.jpg,train,PATIENT_3476,0
34771.jpg,train,PATIENT_3477,0
34781.jpg,train,PATIENT_3478,0
34791.jpg,train,PATIENT_3479,0
34801.jpg,train,PATIENT_3480,0
34811.jpg,train,PATIENT_3481,0
34831.jpg,train,PATIENT_3483,0
34841.jpg,train,PATIENT_3484,0
34861.jpg,train,PATIENT_3486,0
34881.jpg,train,PATIENT_3488,0
34891.jpg,train,PATIENT_3489,0
34911.jpg,train,PATIENT_3491,0
34941.jpg,train,PATIENT_3494,0
34951.jpg,train,PATIENT_3495,0
34961.jpg,train,PATIENT_3496,0
34971.jpg,train,PATIENT_3497,0
34991.jpg,train,PATIENT_3499,0
35001.jpg,train,PATIENT_3500,0
35021.jpg,train,PATIENT_3502,0
35031.jpg,train,PATIENT_3503,0
35041.jpg,train,PATIENT_3504,0
35061.jpg,train,PATIENT_3506,0
35071.jpg,train,PATIENT_3507,0
35091.jpg,train,PATIENT_3509,0
35101.jpg,train,PATIENT_3510,0
35111.jpg,train,PATIENT_3511,0
35121.jpg,train,PATIENT_3512,0
35131.jpg,train,PATIENT_3513,0
35141.jpg,train,PATIENT_3514,0
35151.jpg,train,PATIENT_3515,0
35161.jpg,train,PATIENT_3516,0
35181.jpg,train,PATIENT_3518,0
35191.jpg,train,PATIENT_3519,0
35201.jpg,train,PATIENT_3520,0
35211.jpg,train,PATIENT_3521,0
35231.jpg,train,PATIENT_3523,0
35241.jpg,train,PATIENT_3524,0
35251.jpg,train,PATIENT_3525,0
35261.jpg,train,PATIENT_3526,0
35281.jpg,train,PATIENT_3528,0
35291.jpg,train,PATIENT_3529,0
35301.jpg,train,PATIENT_3530,0
35311.jpg,train,PATIENT_3531,0
35321.jpg,train,PATIENT_3532,0
35331.jpg,train,PATIENT_3533,0
35341.jpg,train,PATIENT_3534,0
35361.jpg,train,PATIENT_3536,0
35371.jpg,train,PATIENT_3537,0
35401.jpg,train,PATIENT_3540,0
35411.jpg,train,PATIENT_3541,0
35421.jpg,train,PATIENT_3542,0
35431.jpg,train,PATIENT_3543,0
35441.jpg,train,PATIENT_3544,0
35451.jpg,train,PATIENT_3545,0
35461.jpg,train,PATIENT_3546,0
35471.jpg,train,PATIENT_3547,0
35481.jpg,train,PATIENT_3548,0
35491.jpg,train,PATIENT_3549,0
35501.jpg,train,PATIENT_3550,0
35511.jpg,train,PATIENT_3551,0
35531.jpg,train,PATIENT_3553,0
35561.jpg,train,PATIENT_3556,0
35571.jpg,train,PATIENT_3557,0
35581.jpg,train,PATIENT_3558,0
35591.jpg,train,PATIENT_3559,0
35601.jpg,train,PATIENT_3560,0
35621.jpg,train,PATIENT_3562,0
35631.jpg,train,PATIENT_3563,0
35641.jpg,train,PATIENT_3564,0
35651.jpg,train,PATIENT_3565,0
35661.jpg,train,PATIENT_3566,0
35681.jpg,train,PATIENT_3568,0
35691.jpg,train,PATIENT_3569,0
35701.jpg,train,PATIENT_3570,0
35711.jpg,train,PATIENT_3571,0
35721.jpg,train,PATIENT_3572,0
35731.jpg,train,PATIENT_3573,0
35751.jpg,train,PATIENT_3575,0
35761.jpg,train,PATIENT_3576,0
35771.jpg,train,PATIENT_3577,0
35781.jpg,train,PATIENT_3578,0
35791.jpg,train,PATIENT_3579,0
35801.jpg,train,PATIENT_3580,0
35811.jpg,train,PATIENT_3581,0
35821.jpg,train,PATIENT_3582,0
35841.jpg,train,PATIENT_3584,0
35851.jpg,train,PATIENT_3585,0
35861.jpg,train,PATIENT_3586,0
35871.jpg,train,PATIENT_3587,0
35891.jpg,train,PATIENT_3589,0
35901.jpg,train,PATIENT_3590,0
35931.jpg,train,PATIENT_3593,0
35941.jpg,train,PATIENT_3594,0
35951.jpg,train,PATIENT_3595,0
35971.jpg,train,PATIENT_3597,0
35981.jpg,train,PATIENT_3598,0
35991.jpg,train,PATIENT_3599,0
36001.jpg,train,PATIENT_3600,0
36011.jpg,train,PATIENT_3601,0
36031.jpg,train,PATIENT_3603,0
36041.jpg,train,PATIENT_3604,0
36051.jpg,train,PATIENT_3605,0
36061.jpg,train,PATIENT_3606,0
36081.jpg,train,PATIENT_3608,0
36091.jpg,train,PATIENT_3609,0
36101.jpg,train,PATIENT_3610,0
36121.jpg,train,PATIENT_3612,0
36131.jpg,train,PATIENT_3613,0
36141.jpg,train,PATIENT_3614,0
36151.jpg,train,PATIENT_3615,0
36161.jpg,train,PATIENT_3616,0
36171.jpg,train,PATIENT_3617,0
36181.jpg,train,PATIENT_3618,0
36191.jpg,train,PATIENT_3619,0
36201.jpg,train,PATIENT_3620,0
36211.jpg,train,PATIENT_3621,0
36231.jpg,train,PATIENT_3623,0
36241.jpg,train,PATIENT_3624,0
36251.jpg,train,PATIENT_3625,0
36261.jpg,train,PATIENT_3626,0
36271.jpg,train,PATIENT_3627,0
36281.jpg,train,PATIENT_3628,0
36291.jpg,train,PATIENT_3629,0
36301.jpg,train,PATIENT_3630,0
36311.jpg,train,PATIENT_3631,0
36321.jpg,train,PATIENT_3632,0
36331.jpg,train,PATIENT_3633,0
36341.jpg,train,PATIENT_3634,0
36351.jpg,train,PATIENT_3635,0
36361.jpg,train,PATIENT_3636,0
36371.jpg,train,PATIENT_3637,0
36401.jpg,train,PATIENT_3640,0
36411.jpg,train,PATIENT_3641,0
36421.jpg,train,PATIENT_3642,0
36431.jpg,train,PATIENT_3643,0
36441.jpg,train,PATIENT_3644,0
36451.jpg,train,PATIENT_3645,0
36461.jpg,train,PATIENT_3646,0
36471.jpg,train,PATIENT_3647,0
36481.jpg,train,PATIENT_3648,0
36491.jpg,train,PATIENT_3649,0
36501.jpg,train,PATIENT_3650,0
36511.jpg,train,PATIENT_3651,0
36531.jpg,train,PATIENT_3653,0
36541.jpg,train,PATIENT_3654,0
36551.jpg,train,PATIENT_3655,0
36571.jpg,train,PATIENT_3657,0
36581.jpg,train,PATIENT_3658,0
36591.jpg,train,PATIENT_3659,0
36601.jpg,train,PATIENT_3660,0
36621.jpg,train,PATIENT_3662,0
36631.jpg,train,PATIENT_3663,0
36641.jpg,train,PATIENT_3664,0
36651.jpg,train,PATIENT_3665,0
36671.jpg,train,PATIENT_3667,0
36691.jpg,train,PATIENT_3669,0
36701.jpg,train,PATIENT_3670,0
36721.jpg,train,PATIENT_3672,0
36731.jpg,train,PATIENT_3673,0
36741.jpg,train,PATIENT_3674,0
36751.jpg,train,PATIENT_3675,0
36761.jpg,train,PATIENT_3676,0
36771.jpg,train,PATIENT_3677,0
36781.jpg,train,PATIENT_3678,0
36791.jpg,train,PATIENT_3679,0
36801.jpg,train,PATIENT_3680,0
36811.jpg,train,PATIENT_3681,0
36841.jpg,train,PATIENT_3684,0
36851.jpg,train,PATIENT_3685,0
36861.jpg,train,PATIENT_3686,0
36871.jpg,train,PATIENT_3687,0
36881.jpg,train,PATIENT_3688,0
36891.jpg,train,PATIENT_3689,0
36901.jpg,train,PATIENT_3690,0
36911.jpg,train,PATIENT_3691,0
36921.jpg,train,PATIENT_3692,0
36931.jpg,train,PATIENT_3693,0
36951.jpg,train,PATIENT_3695,0
36981.jpg,train,PATIENT_3698,0
36991.jpg,train,PATIENT_3699,0
37001.jpg,train,PATIENT_3700,0
37011.jpg,train,PATIENT_3701,0
37021.jpg,train,PATIENT_3702,0
37041.jpg,train,PATIENT_3704,0
37051.jpg,train,PATIENT_3705,0
37061.jpg,train,PATIENT_3706,0
37071.jpg,train,PATIENT_3707,0
37081.jpg,train,PATIENT_3708,0
37111.jpg,train,PATIENT_3711,0
37131.jpg,train,PATIENT_3713,0
37141.jpg,train,PATIENT_3714,0
37151.jpg,train,PATIENT_3715,0
37171.jpg,train,PATIENT_3717,0
37181.jpg,train,PATIENT_3718,0
37191.jpg,train,PATIENT_3719,0
37201.jpg,train,PATIENT_3720,0
37211.jpg,train,PATIENT_3721,0
37221.jpg,train,PATIENT_3722,0
37241.jpg,train,PATIENT_3724,0
37251.jpg,train,PATIENT_3725,0
37271.jpg,train,PATIENT_3727,0
37281.jpg,train,PATIENT_3728,0
37291.jpg,train,PATIENT_3729,0
37301.jpg,train,PATIENT_3730,0
37311.jpg,train,PATIENT_3731,0
37321.jpg,train,PATIENT_3732,0
37341.jpg,train,PATIENT_3734,0
37351.jpg,train,PATIENT_3735,0
37381.jpg,train,PATIENT_3738,0
37391.jpg,train,PATIENT_3739,0
37401.jpg,train,PATIENT_3740,0
37421.jpg,train,PATIENT_3742,0
37431.jpg,train,PATIENT_3743,0
37451.jpg,train,PATIENT_3745,0
37461.jpg,train,PATIENT_3746,0
37471.jpg,train,PATIENT_3747,0
37491.jpg,train,PATIENT_3749,0
37501.jpg,train,PATIENT_3750,0
37511.jpg,train,PATIENT_3751,0
37521.jpg,train,PATIENT_3752,0
37531.jpg,train,PATIENT_3753,0
37541.jpg,train,PATIENT_3754,0
37561.jpg,train,PATIENT_3756,0
37571.jpg,train,PATIENT_3757,0
37581.jpg,train,PATIENT_3758,0
37591.jpg,train,PATIENT_3759,0
37611.jpg,train,PATIENT_3761,0
37631.jpg,train,PATIENT_3763,0
37641.jpg,train,PATIENT_3764,0
37651.jpg,train,PATIENT_3765,0
37661.jpg,train,PATIENT_3766,0
37681.jpg,train,PATIENT_3768,0
37691.jpg,train,PATIENT_3769,0
37701.jpg,train,PATIENT_3770,0
37711.jpg,train,PATIENT_3771,0
37721.jpg,train,PATIENT_3772,0
37731.jpg,train,PATIENT_3773,0
37741.jpg,train,PATIENT_3774,0
37751.jpg,train,PATIENT_3775,0
37761.jpg,train,PATIENT_3776,0
37771.jpg,train,PATIENT_3777,0
37781.jpg,train,PATIENT_3778,0
37791.jpg,train,PATIENT_3779,0
37801.jpg,train,PATIENT_3780,0
37811.jpg,train,PATIENT_3781,0
37831.jpg,train,PATIENT_3783,0
37841.jpg,train,PATIENT_3784,0
37851.jpg,train,PATIENT_3785,0
37861.jpg,train,PATIENT_3786,0
37871.jpg,train,PATIENT_3787,0
37891.jpg,train,PATIENT_3789,0
37901.jpg,train,PATIENT_3790,0
37921.jpg,train,PATIENT_3792,0
37931.jpg,train,PATIENT_3793,0
37941.jpg,train,PATIENT_3794,0
37951.jpg,train,PATIENT_3795,0
37971.jpg,train,PATIENT_3797,0
37981.jpg,train,PATIENT_3798,0
37991.jpg,train,PATIENT_3799,0
38001.jpg,train,PATIENT_3800,0
38011.jpg,train,PATIENT_3801,0
38021.jpg,train,PATIENT_3802,0
38031.jpg,train,PATIENT_3803,0
38051.jpg,train,PATIENT_3805,0
38061.jpg,train,PATIENT_3806,0
38071.jpg,train,PATIENT_3807,0
38081.jpg,train,PATIENT_3808,0
38091.jpg,train,PATIENT_3809,0
38111.jpg,train,PATIENT_3811,0
38131.jpg,train,PATIENT_3813,0
38141.jpg,train,PATIENT_3814,0
38151.jpg,train,PATIENT_3815,0
38161.jpg,train,PATIENT_3816,0
38191.jpg,train,PATIENT_3819,0
38201.jpg,train,PATIENT_3820,0
38211.jpg,train,PATIENT_3821,0
38221.jpg,train,PATIENT_3822,0
38231.jpg,train,PATIENT_3823,0
38251.jpg,train,PATIENT_3825,0
38261.jpg,train,PATIENT_3826,0
38271.jpg,train,PATIENT_3827,0
38281.jpg,train,PATIENT_3828,0
38291.jpg,train,PATIENT_3829,0
38301.jpg,train,PATIENT_3830,0
38311.jpg,train,PATIENT_3831,0
38321.jpg,train,PATIENT_3832,0
38331.jpg,train,PATIENT_3833,0
38341.jpg,train,PATIENT_3834,0
38351.jpg,train,PATIENT_3835,0
38361.jpg,train,PATIENT_3836,0
38381.jpg,train,PATIENT_3838,0
38391.jpg,train,PATIENT_3839,0
38401.jpg,train,PATIENT_3840,0
38411.jpg,train,PATIENT_3841,0
38431.jpg,train,PATIENT_3843,0
38441.jpg,train,PATIENT_3844,0
38451.jpg,train,PATIENT_3845,0
38461.jpg,train,PATIENT_3846,0
38471.jpg,train,PATIENT_3847,0
38491.jpg,train,PATIENT_3849,0
38501.jpg,train,PATIENT_3850,0
38511.jpg,train,PATIENT_3851,0
38521.jpg,train,PATIENT_3852,0
38531.jpg,train,PATIENT_3853,0
38541.jpg,train,PATIENT_3854,0
38561.jpg,train,PATIENT_3856,0
38571.jpg,train,PATIENT_3857,0
38581.jpg,train,PATIENT_3858,0
38601.jpg,train,PATIENT_3860,0
38621.jpg,train,PATIENT_3862,0
38631.jpg,train,PATIENT_3863,0
38641.jpg,train,PATIENT_3864,0
38661.jpg,train,PATIENT_3866,0
38671.jpg,train,PATIENT_3867,0
38681.jpg,train,PATIENT_3868,0
38691.jpg,train,PATIENT_3869,0
38701.jpg,train,PATIENT_3870,0
38721.jpg,train,PATIENT_3872,0
38731.jpg,train,PATIENT_3873,0
38741.jpg,train,PATIENT_3874,0
38761.jpg,train,PATIENT_3876,0
38771.jpg,train,PATIENT_3877,0
38781.jpg,train,PATIENT_3878,0
38811.jpg,train,PATIENT_3881,0
38841.jpg,train,PATIENT_3884,0
38851.jpg,train,PATIENT_3885,0
38861.jpg,train,PATIENT_3886,0
38871.jpg,train,PATIENT_3887,0
38881.jpg,train,PATIENT_3888,0
38901.jpg,train,PATIENT_3890,0
38911.jpg,train,PATIENT_3891,0
38921.jpg,train,PATIENT_3892,0
38931.jpg,train,PATIENT_3893,0
38941.jpg,train,PATIENT_3894,0
38951.jpg,train,PATIENT_3895,0
38961.jpg,train,PATIENT_3896,0
38971.jpg,train,PATIENT_3897,0
38981.jpg,train,PATIENT_3898,0
38991.jpg,train,PATIENT_3899,0
39001.jpg,train,PATIENT_3900,0
39011.jpg,train,PATIENT_3901,0
39031.jpg,train,PATIENT_3903,0
39041.jpg,train,PATIENT_3904,0
39071.jpg,train,PATIENT_3907,0
39081.jpg,train,PATIENT_3908,0
39091.jpg,train,PATIENT_3909,0
39101.jpg,train,PATIENT_3910,0
39111.jpg,train,PATIENT_3911,0
39131.jpg,train,PATIENT_3913,0
39151.jpg,train,PATIENT_3915,0
39161.jpg,train,PATIENT_3916,0
39171.jpg,train,PATIENT_3917,0
39191.jpg,train,PATIENT_3919,0
39201.jpg,train,PATIENT_3920,0
39221.jpg,train,PATIENT_3922,0
39231.jpg,train,PATIENT_3923,0
39251.jpg,train,PATIENT_3925,0
neg_train_normal_0000.png,train,NORMAL_BG_neg_train_normal_0000,1
neg_train_normal_0001.png,train,NORMAL_BG_neg_train_normal_0001,1
neg_train_normal_0002.png,train,NORMAL_BG_neg_train_normal_0002,1
neg_train_normal_0003.png,train,NORMAL_BG_neg_train_normal_0003,1
neg_train_normal_0004.png,train,NORMAL_BG_neg_train_normal_0004,1
neg_train_normal_0005.png,train,NORMAL_BG_neg_train_normal_0005,1
neg_train_normal_0006.png,train,NORMAL_BG_neg_train_normal_0006,1
neg_train_normal_0007.png,train,NORMAL_BG_neg_train_normal_0007,1
neg_train_normal_0008.png,train,NORMAL_BG_neg_train_normal_0008,1
neg_train_normal_0009.png,train,NORMAL_BG_neg_train_normal_0009,1
neg_train_normal_0010.png,train,NORMAL_BG_neg_train_normal_0010,1
neg_train_normal_0011.png,train,NORMAL_BG_neg_train_normal_0011,1
neg_train_normal_0012.png,train,NORMAL_BG_neg_train_normal_0012,1
neg_train_normal_0013.png,train,NORMAL_BG_neg_train_normal_0013,1
neg_train_normal_0014.png,train,NORMAL_BG_neg_train_normal_0014,1
neg_train_normal_0015.png,train,NORMAL_BG_neg_train_normal_0015,1
neg_train_normal_0016.png,train,NORMAL_BG_neg_train_normal_0016,1
neg_train_normal_0017.png,train,NORMAL_BG_neg_train_normal_0017,1
neg_train_normal_0018.png,train,NORMAL_BG_neg_train_normal_0018,1
neg_train_normal_0019.png,train,NORMAL_BG_neg_train_normal_0019,1
neg_train_normal_0020.png,train,NORMAL_BG_neg_train_normal_0020,1
neg_train_normal_0021.png,train,NORMAL_BG_neg_train_normal_0021,1
neg_train_normal_0022.png,train,NORMAL_BG_neg_train_normal_0022,1
neg_train_normal_0023.png,train,NORMAL_BG_neg_train_normal_0023,1
neg_train_normal_0024.png,train,NORMAL_BG_neg_train_normal_0024,1
neg_train_normal_0025.png,train,NORMAL_BG_neg_train_normal_0025,1
neg_train_normal_0026.png,train,NORMAL_BG_neg_train_normal_0026,1
neg_train_normal_0027.png,train,NORMAL_BG_neg_train_normal_0027,1
neg_train_normal_0028.png,train,NORMAL_BG_neg_train_normal_0028,1
neg_train_normal_0029.png,train,NORMAL_BG_neg_train_normal_0029,1
neg_train_normal_0030.png,train,NORMAL_BG_neg_train_normal_0030,1
neg_train_normal_0031.png,train,NORMAL_BG_neg_train_normal_0031,1
neg_train_normal_0032.png,train,NORMAL_BG_neg_train_normal_0032,1
neg_train_normal_0033.png,train,NORMAL_BG_neg_train_normal_0033,1
neg_train_normal_0034.png,train,NORMAL_BG_neg_train_normal_0034,1
neg_train_normal_0035.png,train,NORMAL_BG_neg_train_normal_0035,1
neg_train_normal_0036.png,train,NORMAL_BG_neg_train_normal_0036,1
neg_train_normal_0037.png,train,NORMAL_BG_neg_train_normal_0037,1
neg_train_normal_0038.png,train,NORMAL_BG_neg_train_normal_0038,1
neg_train_normal_0039.png,train,NORMAL_BG_neg_train_normal_0039,1
neg_train_normal_0040.png,train,NORMAL_BG_neg_train_normal_0040,1
neg_train_normal_0041.png,train,NORMAL_BG_neg_train_normal_0041,1
neg_train_normal_0042.png,train,NORMAL_BG_neg_train_normal_0042,1
neg_train_normal_0043.png,train,NORMAL_BG_neg_train_normal_0043,1
neg_train_normal_0044.png,train,NORMAL_BG_neg_train_normal_0044,1
neg_train_normal_0045.png,train,NORMAL_BG_neg_train_normal_0045,1
neg_train_normal_0046.png,train,NORMAL_BG_neg_train_normal_0046,1
neg_train_normal_0047.png,train,NORMAL_BG_neg_train_normal_0047,1
neg_train_normal_0048.png,train,NORMAL_BG_neg_train_normal_0048,1
neg_train_normal_0049.png,train,NORMAL_BG_neg_train_normal_0049,1
neg_train_normal_0050.png,train,NORMAL_BG_neg_train_normal_0050,1
neg_train_normal_0051.png,train,NORMAL_BG_neg_train_normal_0051,1
neg_train_normal_0052.png,train,NORMAL_BG_neg_train_normal_0052,1
neg_train_normal_0053.png,train,NORMAL_BG_neg_train_normal_0053,1
neg_train_normal_0054.png,train,NORMAL_BG_neg_train_normal_0054,1
neg_train_normal_0055.png,train,NORMAL_BG_neg_train_normal_0055,1
neg_train_normal_0056.png,train,NORMAL_BG_neg_train_normal_0056,1
neg_train_normal_0057.png,train,NORMAL_BG_neg_train_normal_0057,1
neg_train_normal_0058.png,train,NORMAL_BG_neg_train_normal_0058,1
neg_train_normal_0059.png,train,NORMAL_BG_neg_train_normal_0059,1
neg_train_normal_0060.png,train,NORMAL_BG_neg_train_normal_0060,1
neg_train_normal_0061.png,train,NORMAL_BG_neg_train_normal_0061,1
neg_train_normal_0062.png,train,NORMAL_BG_neg_train_normal_0062,1
neg_train_normal_0063.png,train,NORMAL_BG_neg_train_normal_0063,1
neg_train_normal_0064.png,train,NORMAL_BG_neg_train_normal_0064,1
neg_train_normal_0065.png,train,NORMAL_BG_neg_train_normal_0065,1
neg_train_normal_0066.png,train,NORMAL_BG_neg_train_normal_0066,1
neg_train_normal_0067.png,train,NORMAL_BG_neg_train_normal_0067,1
neg_train_normal_0068.png,train,NORMAL_BG_neg_train_normal_0068,1
neg_train_normal_0069.png,train,NORMAL_BG_neg_train_normal_0069,1
neg_train_normal_0070.png,train,NORMAL_BG_neg_train_normal_0070,1
neg_train_normal_0071.png,train,NORMAL_BG_neg_train_normal_0071,1
neg_train_normal_0072.png,train,NORMAL_BG_neg_train_normal_0072,1
neg_train_normal_0073.png,train,NORMAL_BG_neg_train_normal_0073,1
neg_train_normal_0074.png,train,NORMAL_BG_neg_train_normal_0074,1
neg_train_normal_0075.png,train,NORMAL_BG_neg_train_normal_0075,1
neg_train_normal_0076.png,train,NORMAL_BG_neg_train_normal_0076,1
neg_train_normal_0077.png,train,NORMAL_BG_neg_train_normal_0077,1
neg_train_normal_0078.png,train,NORMAL_BG_neg_train_normal_0078,1
neg_train_normal_0079.png,train,NORMAL_BG_neg_train_normal_0079,1
neg_train_normal_0080.png,train,NORMAL_BG_neg_train_normal_0080,1
neg_train_normal_0081.png,train,NORMAL_BG_neg_train_normal_0081,1
neg_train_normal_0082.png,train,NORMAL_BG_neg_train_normal_0082,1
neg_train_normal_0083.png,train,NORMAL_BG_neg_train_normal_0083,1
neg_train_normal_0084.png,train,NORMAL_BG_neg_train_normal_0084,1
neg_train_normal_0085.png,train,NORMAL_BG_neg_train_normal_0085,1
neg_train_normal_0086.png,train,NORMAL_BG_neg_train_normal_0086,1
neg_train_normal_0087.png,train,NORMAL_BG_neg_train_normal_0087,1
neg_train_normal_0088.png,train,NORMAL_BG_neg_train_normal_0088,1
neg_train_normal_0089.png,train,NORMAL_BG_neg_train_normal_0089,1
neg_train_normal_0090.png,train,NORMAL_BG_neg_train_normal_0090,1
neg_train_normal_0091.png,train,NORMAL_BG_neg_train_normal_0091,1
neg_train_normal_0092.png,train,NORMAL_BG_neg_train_normal_0092,1
neg_train_normal_0093.png,train,NORMAL_BG_neg_train_normal_0093,1
neg_train_normal_0094.png,train,NORMAL_BG_neg_train_normal_0094,1
neg_train_normal_0095.png,train,NORMAL_BG_neg_train_normal_0095,1
neg_train_normal_0096.png,train,NORMAL_BG_neg_train_normal_0096,1
neg_train_normal_0097.png,train,NORMAL_BG_neg_train_normal_0097,1
neg_train_normal_0098.png,train,NORMAL_BG_neg_train_normal_0098,1
neg_train_normal_0099.png,train,NORMAL_BG_neg_train_normal_0099,1
neg_train_normal_0100.png,train,NORMAL_BG_neg_train_normal_0100,1
neg_train_normal_0101.png,train,NORMAL_BG_neg_train_normal_0101,1
neg_train_normal_0102.png,train,NORMAL_BG_neg_train_normal_0102,1
neg_train_normal_0103.png,train,NORMAL_BG_neg_train_normal_0103,1
neg_train_normal_0104.png,train,NORMAL_BG_neg_train_normal_0104,1
neg_train_normal_0105.png,train,NORMAL_BG_neg_train_normal_0105,1
neg_train_normal_0106.png,train,NORMAL_BG_neg_train_normal_0106,1
neg_train_normal_0107.png,train,NORMAL_BG_neg_train_normal_0107,1
neg_train_normal_0108.png,train,NORMAL_BG_neg_train_normal_0108,1
neg_train_normal_0109.png,train,NORMAL_BG_neg_train_normal_0109,1
neg_train_normal_0110.png,train,NORMAL_BG_neg_train_normal_0110,1
neg_train_normal_0111.png,train,NORMAL_BG_neg_train_normal_0111,1
neg_train_normal_0112.png,train,NORMAL_BG_neg_train_normal_0112,1
neg_train_normal_0113.png,train,NORMAL_BG_neg_train_normal_0113,1
neg_train_normal_0114.png,train,NORMAL_BG_neg_train_normal_0114,1
neg_train_normal_0115.png,train,NORMAL_BG_neg_train_normal_0115,1
neg_train_normal_0116.png,train,NORMAL_BG_neg_train_normal_0116,1
neg_train_normal_0117.png,train,NORMAL_BG_neg_train_normal_0117,1
neg_train_normal_0118.png,train,NORMAL_BG_neg_train_normal_0118,1
neg_train_normal_0119.png,train,NORMAL_BG_neg_train_normal_0119,1
neg_train_normal_0120.png,train,NORMAL_BG_neg_train_normal_0120,1
neg_train_normal_0121.png,train,NORMAL_BG_neg_train_normal_0121,1
neg_train_normal_0122.png,train,NORMAL_BG_neg_train_normal_0122,1
neg_train_normal_0123.png,train,NORMAL_BG_neg_train_normal_0123,1
neg_train_normal_0124.png,train,NORMAL_BG_neg_train_normal_0124,1
neg_train_normal_0125.png,train,NORMAL_BG_neg_train_normal_0125,1
neg_train_normal_0126.png,train,NORMAL_BG_neg_train_normal_0126,1
neg_train_normal_0127.png,train,NORMAL_BG_neg_train_normal_0127,1
neg_train_normal_0128.png,train,NORMAL_BG_neg_train_normal_0128,1
neg_train_normal_0129.png,train,NORMAL_BG_neg_train_normal_0129,1
neg_train_normal_0130.png,train,NORMAL_BG_neg_train_normal_0130,1
neg_train_normal_0131.png,train,NORMAL_BG_neg_train_normal_0131,1
neg_train_normal_0132.png,train,NORMAL_BG_neg_train_normal_0132,1
neg_train_normal_0133.png,train,NORMAL_BG_neg_train_normal_0133,1
neg_train_normal_0134.png,train,NORMAL_BG_neg_train_normal_0134,1
neg_train_normal_0135.png,train,NORMAL_BG_neg_train_normal_0135,1
neg_train_normal_0136.png,train,NORMAL_BG_neg_train_normal_0136,1
neg_train_normal_0137.png,train,NORMAL_BG_neg_train_normal_0137,1
neg_train_normal_0138.png,train,NORMAL_BG_neg_train_normal_0138,1
neg_train_normal_0139.png,train,NORMAL_BG_neg_train_normal_0139,1
neg_train_normal_0140.png,train,NORMAL_BG_neg_train_normal_0140,1
neg_train_normal_0141.png,train,NORMAL_BG_neg_train_normal_0141,1
neg_train_normal_0142.png,train,NORMAL_BG_neg_train_normal_0142,1
neg_train_normal_0143.png,train,NORMAL_BG_neg_train_normal_0143,1
neg_train_normal_0144.png,train,NORMAL_BG_neg_train_normal_0144,1
neg_train_normal_0145.png,train,NORMAL_BG_neg_train_normal_0145,1
neg_train_normal_0146.png,train,NORMAL_BG_neg_train_normal_0146,1
neg_train_normal_0147.png,train,NORMAL_BG_neg_train_normal_0147,1
neg_train_normal_0148.png,train,NORMAL_BG_neg_train_normal_0148,1
neg_train_normal_0149.png,train,NORMAL_BG_neg_train_normal_0149,1
neg_train_normal_0150.png,train,NORMAL_BG_neg_train_normal_0150,1
neg_train_normal_0151.png,train,NORMAL_BG_neg_train_normal_0151,1
neg_train_normal_0152.png,train,NORMAL_BG_neg_train_normal_0152,1
neg_train_normal_0153.png,train,NORMAL_BG_neg_train_normal_0153,1
neg_train_normal_0154.png,train,NORMAL_BG_neg_train_normal_0154,1
neg_train_normal_0155.png,train,NORMAL_BG_neg_train_normal_0155,1
neg_train_normal_0156.png,train,NORMAL_BG_neg_train_normal_0156,1
neg_train_normal_0157.png,train,NORMAL_BG_neg_train_normal_0157,1
neg_train_normal_0158.png,train,NORMAL_BG_neg_train_normal_0158,1
neg_train_normal_0159.png,train,NORMAL_BG_neg_train_normal_0159,1
neg_train_normal_0160.png,train,NORMAL_BG_neg_train_normal_0160,1
neg_train_normal_0161.png,train,NORMAL_BG_neg_train_normal_0161,1
neg_train_normal_0162.png,train,NORMAL_BG_neg_train_normal_0162,1
neg_train_normal_0163.png,train,NORMAL_BG_neg_train_normal_0163,1
neg_train_normal_0164.png,train,NORMAL_BG_neg_train_normal_0164,1
neg_train_normal_0165.png,train,NORMAL_BG_neg_train_normal_0165,1
neg_train_normal_0166.png,train,NORMAL_BG_neg_train_normal_0166,1
neg_train_normal_0167.png,train,NORMAL_BG_neg_train_normal_0167,1
neg_train_normal_0168.png,train,NORMAL_BG_neg_train_normal_0168,1
neg_train_normal_0169.png,train,NORMAL_BG_neg_train_normal_0169,1
neg_train_normal_0170.png,train,NORMAL_BG_neg_train_normal_0170,1
neg_train_normal_0171.png,train,NORMAL_BG_neg_train_normal_0171,1
neg_train_normal_0172.png,train,NORMAL_BG_neg_train_normal_0172,1
neg_train_normal_0173.png,train,NORMAL_BG_neg_train_normal_0173,1
neg_train_normal_0174.png,train,NORMAL_BG_neg_train_normal_0174,1
neg_train_normal_0175.png,train,NORMAL_BG_neg_train_normal_0175,1
neg_train_normal_0176.png,train,NORMAL_BG_neg_train_normal_0176,1
neg_train_normal_0177.png,train,NORMAL_BG_neg_train_normal_0177,1
neg_train_normal_0178.png,train,NORMAL_BG_neg_train_normal_0178,1
neg_train_normal_0179.png,train,NORMAL_BG_neg_train_normal_0179,1
neg_train_normal_0180.png,train,NORMAL_BG_neg_train_normal_0180,1
neg_train_normal_0181.png,train,NORMAL_BG_neg_train_normal_0181,1
neg_train_normal_0182.png,train,NORMAL_BG_neg_train_normal_0182,1
neg_train_normal_0183.png,train,NORMAL_BG_neg_train_normal_0183,1
neg_train_normal_0184.png,train,NORMAL_BG_neg_train_normal_0184,1
neg_train_normal_0185.png,train,NORMAL_BG_neg_train_normal_0185,1
neg_train_normal_0186.png,train,NORMAL_BG_neg_train_normal_0186,1
neg_train_normal_0187.png,train,NORMAL_BG_neg_train_normal_0187,1
neg_train_normal_0188.png,train,NORMAL_BG_neg_train_normal_0188,1
neg_train_normal_0189.png,train,NORMAL_BG_neg_train_normal_0189,1
neg_train_normal_0190.png,train,NORMAL_BG_neg_train_normal_0190,1
neg_train_normal_0191.png,train,NORMAL_BG_neg_train_normal_0191,1
neg_train_normal_0192.png,train,NORMAL_BG_neg_train_normal_0192,1
neg_train_normal_0193.png,train,NORMAL_BG_neg_train_normal_0193,1
neg_train_normal_0194.png,train,NORMAL_BG_neg_train_normal_0194,1
neg_train_normal_0195.png,train,NORMAL_BG_neg_train_normal_0195,1
neg_train_normal_0196.png,train,NORMAL_BG_neg_train_normal_0196,1
neg_train_normal_0197.png,train,NORMAL_BG_neg_train_normal_0197,1
neg_train_normal_0198.png,train,NORMAL_BG_neg_train_normal_0198,1
neg_train_normal_0199.png,train,NORMAL_BG_neg_train_normal_0199,1
neg_train_normal_0200.png,train,NORMAL_BG_neg_train_normal_0200,1
neg_train_normal_0201.png,train,NORMAL_BG_neg_train_normal_0201,1
neg_train_normal_0202.png,train,NORMAL_BG_neg_train_normal_0202,1
neg_train_normal_0203.png,train,NORMAL_BG_neg_train_normal_0203,1
neg_train_normal_0204.png,train,NORMAL_BG_neg_train_normal_0204,1
neg_train_normal_0205.png,train,NORMAL_BG_neg_train_normal_0205,1
neg_train_normal_0206.png,train,NORMAL_BG_neg_train_normal_0206,1
neg_train_normal_0207.png,train,NORMAL_BG_neg_train_normal_0207,1
neg_train_normal_0208.png,train,NORMAL_BG_neg_train_normal_0208,1
neg_train_normal_0209.png,train,NORMAL_BG_neg_train_normal_0209,1
neg_train_normal_0210.png,train,NORMAL_BG_neg_train_normal_0210,1
neg_train_normal_0211.png,train,NORMAL_BG_neg_train_normal_0211,1
neg_train_normal_0212.png,train,NORMAL_BG_neg_train_normal_0212,1
neg_train_normal_0213.png,train,NORMAL_BG_neg_train_normal_0213,1
neg_train_normal_0214.png,train,NORMAL_BG_neg_train_normal_0214,1
neg_train_normal_0215.png,train,NORMAL_BG_neg_train_normal_0215,1
neg_train_normal_0216.png,train,NORMAL_BG_neg_train_normal_0216,1
neg_train_normal_0217.png,train,NORMAL_BG_neg_train_normal_0217,1
neg_train_normal_0218.png,train,NORMAL_BG_neg_train_normal_0218,1
neg_train_normal_0219.png,train,NORMAL_BG_neg_train_normal_0219,1
neg_train_normal_0220.png,train,NORMAL_BG_neg_train_normal_0220,1
neg_train_normal_0221.png,train,NORMAL_BG_neg_train_normal_0221,1
neg_train_normal_0222.png,train,NORMAL_BG_neg_train_normal_0222,1
neg_train_normal_0223.png,train,NORMAL_BG_neg_train_normal_0223,1
neg_train_normal_0224.png,train,NORMAL_BG_neg_train_normal_0224,1
neg_train_normal_0225.png,train,NORMAL_BG_neg_train_normal_0225,1
neg_train_normal_0226.png,train,NORMAL_BG_neg_train_normal_0226,1
neg_train_normal_0227.png,train,NORMAL_BG_neg_train_normal_0227,1
neg_train_normal_0228.png,train,NORMAL_BG_neg_train_normal_0228,1
neg_train_normal_0229.png,train,NORMAL_BG_neg_train_normal_0229,1
neg_train_normal_0230.png,train,NORMAL_BG_neg_train_normal_0230,1
neg_train_normal_0231.png,train,NORMAL_BG_neg_train_normal_0231,1
neg_train_normal_0232.png,train,NORMAL_BG_neg_train_normal_0232,1
neg_train_normal_0233.png,train,NORMAL_BG_neg_train_normal_0233,1
neg_train_normal_0234.png,train,NORMAL_BG_neg_train_normal_0234,1
neg_train_normal_0235.png,train,NORMAL_BG_neg_train_normal_0235,1
neg_train_normal_0236.png,train,NORMAL_BG_neg_train_normal_0236,1
neg_train_normal_0237.png,train,NORMAL_BG_neg_train_normal_0237,1
neg_train_normal_0238.png,train,NORMAL_BG_neg_train_normal_0238,1
neg_train_normal_0239.png,train,NORMAL_BG_neg_train_normal_0239,1
neg_train_normal_0240.png,train,NORMAL_BG_neg_train_normal_0240,1
neg_train_normal_0241.png,train,NORMAL_BG_neg_train_normal_0241,1
neg_train_normal_0242.png,train,NORMAL_BG_neg_train_normal_0242,1
neg_train_normal_0243.png,train,NORMAL_BG_neg_train_normal_0243,1
neg_train_normal_0244.png,train,NORMAL_BG_neg_train_normal_0244,1
neg_train_normal_0245.png,train,NORMAL_BG_neg_train_normal_0245,1
neg_train_normal_0246.png,train,NORMAL_BG_neg_train_normal_0246,1
neg_train_normal_0247.png,train,NORMAL_BG_neg_train_normal_0247,1
neg_train_normal_0248.png,train,NORMAL_BG_neg_train_normal_0248,1
neg_train_normal_0249.png,train,NORMAL_BG_neg_train_normal_0249,1
neg_train_normal_0250.png,train,NORMAL_BG_neg_train_normal_0250,1
neg_train_normal_0251.png,train,NORMAL_BG_neg_train_normal_0251,1
neg_train_normal_0252.png,train,NORMAL_BG_neg_train_normal_0252,1
neg_train_normal_0253.png,train,NORMAL_BG_neg_train_normal_0253,1
neg_train_normal_0254.png,train,NORMAL_BG_neg_train_normal_0254,1
neg_train_normal_0255.png,train,NORMAL_BG_neg_train_normal_0255,1
neg_train_normal_0256.png,train,NORMAL_BG_neg_train_normal_0256,1
neg_train_normal_0257.png,train,NORMAL_BG_neg_train_normal_0257,1
neg_train_normal_0258.png,train,NORMAL_BG_neg_train_normal_0258,1
neg_train_normal_0259.png,train,NORMAL_BG_neg_train_normal_0259,1
neg_train_normal_0260.png,train,NORMAL_BG_neg_train_normal_0260,1
neg_train_normal_0261.png,train,NORMAL_BG_neg_train_normal_0261,1
neg_train_normal_0262.png,train,NORMAL_BG_neg_train_normal_0262,1
neg_train_normal_0263.png,train,NORMAL_BG_neg_train_normal_0263,1
neg_train_normal_0264.png,train,NORMAL_BG_neg_train_normal_0264,1
neg_train_normal_0265.png,train,NORMAL_BG_neg_train_normal_0265,1
neg_train_normal_0266.png,train,NORMAL_BG_neg_train_normal_0266,1
neg_train_normal_0267.png,train,NORMAL_BG_neg_train_normal_0267,1
neg_train_normal_0268.png,train,NORMAL_BG_neg_train_normal_0268,1
neg_train_normal_0269.png,train,NORMAL_BG_neg_train_normal_0269,1
neg_train_normal_0270.png,train,NORMAL_BG_neg_train_normal_0270,1
neg_train_normal_0271.png,train,NORMAL_BG_neg_train_normal_0271,1
neg_train_normal_0272.png,train,NORMAL_BG_neg_train_normal_0272,1
neg_train_normal_0273.png,train,NORMAL_BG_neg_train_normal_0273,1
neg_train_normal_0274.png,train,NORMAL_BG_neg_train_normal_0274,1
neg_train_normal_0275.png,train,NORMAL_BG_neg_train_normal_0275,1
neg_train_normal_0276.png,train,NORMAL_BG_neg_train_normal_0276,1
neg_train_normal_0277.png,train,NORMAL_BG_neg_train_normal_0277,1
neg_train_normal_0278.png,train,NORMAL_BG_neg_train_normal_0278,1
neg_train_normal_0279.png,train,NORMAL_BG_neg_train_normal_0279,1
neg_train_normal_0280.png,train,NORMAL_BG_neg_train_normal_0280,1
neg_train_normal_0281.png,train,NORMAL_BG_neg_train_normal_0281,1
neg_train_normal_0282.png,train,NORMAL_BG_neg_train_normal_0282,1
neg_train_normal_0283.png,train,NORMAL_BG_neg_train_normal_0283,1
neg_train_normal_0284.png,train,NORMAL_BG_neg_train_normal_0284,1
neg_train_normal_0285.png,train,NORMAL_BG_neg_train_normal_0285,1
neg_train_normal_0286.png,train,NORMAL_BG_neg_train_normal_0286,1
neg_train_normal_0287.png,train,NORMAL_BG_neg_train_normal_0287,1
neg_train_normal_0288.png,train,NORMAL_BG_neg_train_normal_0288,1
neg_train_normal_0289.png,train,NORMAL_BG_neg_train_normal_0289,1
neg_train_normal_0290.png,train,NORMAL_BG_neg_train_normal_0290,1
neg_train_normal_0291.png,train,NORMAL_BG_neg_train_normal_0291,1
neg_train_normal_0292.png,train,NORMAL_BG_neg_train_normal_0292,1
neg_train_normal_0293.png,train,NORMAL_BG_neg_train_normal_0293,1
neg_train_normal_0294.png,train,NORMAL_BG_neg_train_normal_0294,1
neg_train_normal_0295.png,train,NORMAL_BG_neg_train_normal_0295,1
neg_train_normal_0296.png,train,NORMAL_BG_neg_train_normal_0296,1
neg_train_normal_0297.png,train,NORMAL_BG_neg_train_normal_0297,1
neg_train_normal_0298.png,train,NORMAL_BG_neg_train_normal_0298,1
neg_train_normal_0299.png,train,NORMAL_BG_neg_train_normal_0299,1
00071.jpg,val,PATIENT_0007,0
00091.jpg,val,PATIENT_0009,0
00131.jpg,val,PATIENT_0013,0
00151.jpg,val,PATIENT_0015,0
00181.jpg,val,PATIENT_0018,0
00271.jpg,val,PATIENT_0027,0
00301.jpg,val,PATIENT_0030,0
00311.jpg,val,PATIENT_0031,0
00331.jpg,val,PATIENT_0033,0
00341.jpg,val,PATIENT_0034,0
00451.jpg,val,PATIENT_0045,0
00461.jpg,val,PATIENT_0046,0
00521.jpg,val,PATIENT_0052,0
00531.jpg,val,PATIENT_0053,0
00591.jpg,val,PATIENT_0059,0
00621.jpg,val,PATIENT_0062,0
00641.jpg,val,PATIENT_0064,0
00701.jpg,val,PATIENT_0070,0
00711.jpg,val,PATIENT_0071,0
00741.jpg,val,PATIENT_0074,0
00771.jpg,val,PATIENT_0077,0
00811.jpg,val,PATIENT_0081,0
00891.jpg,val,PATIENT_0089,0
00941.jpg,val,PATIENT_0094,0
01031.jpg,val,PATIENT_0103,0
01101.jpg,val,PATIENT_0110,0
01211.jpg,val,PATIENT_0121,0
01251.jpg,val,PATIENT_0125,0
01351.jpg,val,PATIENT_0135,0
01401.jpg,val,PATIENT_0140,0
01451.jpg,val,PATIENT_0145,0
01501.jpg,val,PATIENT_0150,0
01531.jpg,val,PATIENT_0153,0
01571.jpg,val,PATIENT_0157,0
01581.jpg,val,PATIENT_0158,0
01671.jpg,val,PATIENT_0167,0
01711.jpg,val,PATIENT_0171,0
01741.jpg,val,PATIENT_0174,0
01751.jpg,val,PATIENT_0175,0
01791.jpg,val,PATIENT_0179,0
01801.jpg,val,PATIENT_0180,0
01841.jpg,val,PATIENT_0184,0
01851.jpg,val,PATIENT_0185,0
01891.jpg,val,PATIENT_0189,0
01931.jpg,val,PATIENT_0193,0
01951.jpg,val,PATIENT_0195,0
01971.jpg,val,PATIENT_0197,0
02041.jpg,val,PATIENT_0204,0
02061.jpg,val,PATIENT_0206,0
02121.jpg,val,PATIENT_0212,0
02151.jpg,val,PATIENT_0215,0
02191.jpg,val,PATIENT_0219,0
02211.jpg,val,PATIENT_0221,0
02221.jpg,val,PATIENT_0222,0
02231.jpg,val,PATIENT_0223,0
02281.jpg,val,PATIENT_0228,0
02301.jpg,val,PATIENT_0230,0
02391.jpg,val,PATIENT_0239,0
02401.jpg,val,PATIENT_0240,0
02411.jpg,val,PATIENT_0241,0
02521.jpg,val,PATIENT_0252,0
02551.jpg,val,PATIENT_0255,0
02571.jpg,val,PATIENT_0257,0
02581.jpg,val,PATIENT_0258,0
02641.jpg,val,PATIENT_0264,0
02671.jpg,val,PATIENT_0267,0
02711.jpg,val,PATIENT_0271,0
02751.jpg,val,PATIENT_0275,0
02801.jpg,val,PATIENT_0280,0
02841.jpg,val,PATIENT_0284,0
02901.jpg,val,PATIENT_0290,0
02921.jpg,val,PATIENT_0292,0
02961.jpg,val,PATIENT_0296,0
02991.jpg,val,PATIENT_0299,0
03001.jpg,val,PATIENT_0300,0
03061.jpg,val,PATIENT_0306,0
03101.jpg,val,PATIENT_0310,0
03151.jpg,val,PATIENT_0315,0
03161.jpg,val,PATIENT_0316,0
03191.jpg,val,PATIENT_0319,0
03221.jpg,val,PATIENT_0322,0
03231.jpg,val,PATIENT_0323,0
03251.jpg,val,PATIENT_0325,0
03261.jpg,val,PATIENT_0326,0
03321.jpg,val,PATIENT_0332,0
03331.jpg,val,PATIENT_0333,0
03471.jpg,val,PATIENT_0347,0
03521.jpg,val,PATIENT_0352,0
03551.jpg,val,PATIENT_0355,0
03591.jpg,val,PATIENT_0359,0
03671.jpg,val,PATIENT_0367,0
03691.jpg,val,PATIENT_0369,0
03881.jpg,val,PATIENT_0388,0
03941.jpg,val,PATIENT_0394,0
04031.jpg,val,PATIENT_0403,0
04091.jpg,val,PATIENT_0409,0
04111.jpg,val,PATIENT_0411,0
04121.jpg,val,PATIENT_0412,0
04151.jpg,val,PATIENT_0415,0
04161.jpg,val,PATIENT_0416,0
04241.jpg,val,PATIENT_0424,0
04301.jpg,val,PATIENT_0430,0
04311.jpg,val,PATIENT_0431,0
04331.jpg,val,PATIENT_0433,0
04371.jpg,val,PATIENT_0437,0
04391.jpg,val,PATIENT_0439,0
04401.jpg,val,PATIENT_0440,0
04431.jpg,val,PATIENT_0443,0
04441.jpg,val,PATIENT_0444,0
04511.jpg,val,PATIENT_0451,0
04581.jpg,val,PATIENT_0458,0
04621.jpg,val,PATIENT_0462,0
04641.jpg,val,PATIENT_0464,0
04661.jpg,val,PATIENT_0466,0
04691.jpg,val,PATIENT_0469,0
04721.jpg,val,PATIENT_0472,0
04791.jpg,val,PATIENT_0479,0
04801.jpg,val,PATIENT_0480,0
04871.jpg,val,PATIENT_0487,0
04911.jpg,val,PATIENT_0491,0
04961.jpg,val,PATIENT_0496,0
05011.jpg,val,PATIENT_0501,0
05021.jpg,val,PATIENT_0502,0
05071.jpg,val,PATIENT_0507,0
05121.jpg,val,PATIENT_0512,0
05281.jpg,val,PATIENT_0528,0
05351.jpg,val,PATIENT_0535,0
05391.jpg,val,PATIENT_0539,0
05451.jpg,val,PATIENT_0545,0
05501.jpg,val,PATIENT_0550,0
05521.jpg,val,PATIENT_0552,0
05551.jpg,val,PATIENT_0555,0
05561.jpg,val,PATIENT_0556,0
05581.jpg,val,PATIENT_0558,0
05621.jpg,val,PATIENT_0562,0
05651.jpg,val,PATIENT_0565,0
05681.jpg,val,PATIENT_0568,0
05691.jpg,val,PATIENT_0569,0
05741.jpg,val,PATIENT_0574,0
05951.jpg,val,PATIENT_0595,0
05991.jpg,val,PATIENT_0599,0
06001.jpg,val,PATIENT_0600,0
06031.jpg,val,PATIENT_0603,0
06061.jpg,val,PATIENT_0606,0
06221.jpg,val,PATIENT_0622,0
06431.jpg,val,PATIENT_0643,0
06561.jpg,val,PATIENT_0656,0
06581.jpg,val,PATIENT_0658,0
06711.jpg,val,PATIENT_0671,0
06771.jpg,val,PATIENT_0677,0
06831.jpg,val,PATIENT_0683,0
06941.jpg,val,PATIENT_0694,0
07061.jpg,val,PATIENT_0706,0
07131.jpg,val,PATIENT_0713,0
07191.jpg,val,PATIENT_0719,0
07211.jpg,val,PATIENT_0721,0
07221.jpg,val,PATIENT_0722,0
07301.jpg,val,PATIENT_0730,0
07341.jpg,val,PATIENT_0734,0
07371.jpg,val,PATIENT_0737,0
07451.jpg,val,PATIENT_0745,0
07471.jpg,val,PATIENT_0747,0
07531.jpg,val,PATIENT_0753,0
07561.jpg,val,PATIENT_0756,0
07621.jpg,val,PATIENT_0762,0
07651.jpg,val,PATIENT_0765,0
07771.jpg,val,PATIENT_0777,0
07861.jpg,val,PATIENT_0786,0
07881.jpg,val,PATIENT_0788,0
07991.jpg,val,PATIENT_0799,0
08031.jpg,val,PATIENT_0803,0
08041.jpg,val,PATIENT_0804,0
08061.jpg,val,PATIENT_0806,0
08081.jpg,val,PATIENT_0808,0
08101.jpg,val,PATIENT_0810,0
08111.jpg,val,PATIENT_0811,0
08121.jpg,val,PATIENT_0812,0
08131.jpg,val,PATIENT_0813,0
08171.jpg,val,PATIENT_0817,0
08181.jpg,val,PATIENT_0818,0
08191.jpg,val,PATIENT_0819,0
08301.jpg,val,PATIENT_0830,0
08321.jpg,val,PATIENT_0832,0
08391.jpg,val,PATIENT_0839,0
08401.jpg,val,PATIENT_0840,0
08431.jpg,val,PATIENT_0843,0
08631.jpg,val,PATIENT_0863,0
08651.jpg,val,PATIENT_0865,0
08701.jpg,val,PATIENT_0870,0
08821.jpg,val,PATIENT_0882,0
08891.jpg,val,PATIENT_0889,0
08941.jpg,val,PATIENT_0894,0
08981.jpg,val,PATIENT_0898,0
09081.jpg,val,PATIENT_0908,0
09131.jpg,val,PATIENT_0913,0
09161.jpg,val,PATIENT_0916,0
09281.jpg,val,PATIENT_0928,0
09301.jpg,val,PATIENT_0930,0
09331.jpg,val,PATIENT_0933,0
09491.jpg,val,PATIENT_0949,0
09501.jpg,val,PATIENT_0950,0
09531.jpg,val,PATIENT_0953,0
09701.jpg,val,PATIENT_0970,0
09771.jpg,val,PATIENT_0977,0
09791.jpg,val,PATIENT_0979,0
09911.jpg,val,PATIENT_0991,0
10001.jpg,val,PATIENT_1000,0
10041.jpg,val,PATIENT_1004,0
10071.jpg,val,PATIENT_1007,0
10121.jpg,val,PATIENT_1012,0
10181.jpg,val,PATIENT_1018,0
10231.jpg,val,PATIENT_1023,0
10261.jpg,val,PATIENT_1026,0
10281.jpg,val,PATIENT_1028,0
10301.jpg,val,PATIENT_1030,0
10331.jpg,val,PATIENT_1033,0
10351.jpg,val,PATIENT_1035,0
10421.jpg,val,PATIENT_1042,0
10431.jpg,val,PATIENT_1043,0
10481.jpg,val,PATIENT_1048,0
10531.jpg,val,PATIENT_1053,0
10561.jpg,val,PATIENT_1056,0
10571.jpg,val,PATIENT_1057,0
10581.jpg,val,PATIENT_1058,0
10621.jpg,val,PATIENT_1062,0
10691.jpg,val,PATIENT_1069,0
10741.jpg,val,PATIENT_1074,0
10751.jpg,val,PATIENT_1075,0
10761.jpg,val,PATIENT_1076,0
10851.jpg,val,PATIENT_1085,0
10921.jpg,val,PATIENT_1092,0
10951.jpg,val,PATIENT_1095,0
11061.jpg,val,PATIENT_1106,0
11141.jpg,val,PATIENT_1114,0
11151.jpg,val,PATIENT_1115,0
11171.jpg,val,PATIENT_1117,0
11181.jpg,val,PATIENT_1118,0
11241.jpg,val,PATIENT_1124,0
11291.jpg,val,PATIENT_1129,0
11331.jpg,val,PATIENT_1133,0
11361.jpg,val,PATIENT_1136,0
11471.jpg,val,PATIENT_1147,0
11501.jpg,val,PATIENT_1150,0
11641.jpg,val,PATIENT_1164,0
11651.jpg,val,PATIENT_1165,0
11751.jpg,val,PATIENT_1175,0
11761.jpg,val,PATIENT_1176,0
11791.jpg,val,PATIENT_1179,0
11881.jpg,val,PATIENT_1188,0
11891.jpg,val,PATIENT_1189,0
11931.jpg,val,PATIENT_1193,0
12011.jpg,val,PATIENT_1201,0
12111.jpg,val,PATIENT_1211,0
12121.jpg,val,PATIENT_1212,0
12221.jpg,val,PATIENT_1222,0
12271.jpg,val,PATIENT_1227,0
12291.jpg,val,PATIENT_1229,0
12381.jpg,val,PATIENT_1238,0
12591.jpg,val,PATIENT_1259,0
12621.jpg,val,PATIENT_1262,0
12691.jpg,val,PATIENT_1269,0
12711.jpg,val,PATIENT_1271,0
12791.jpg,val,PATIENT_1279,0
12891.jpg,val,PATIENT_1289,0
12931.jpg,val,PATIENT_1293,0
12941.jpg,val,PATIENT_1294,0
12961.jpg,val,PATIENT_1296,0
13101.jpg,val,PATIENT_1310,0
13141.jpg,val,PATIENT_1314,0
13311.jpg,val,PATIENT_1331,0
13381.jpg,val,PATIENT_1338,0
13461.jpg,val,PATIENT_1346,0
13521.jpg,val,PATIENT_1352,0
13631.jpg,val,PATIENT_1363,0
13711.jpg,val,PATIENT_1371,0
13741.jpg,val,PATIENT_1374,0
13781.jpg,val,PATIENT_1378,0
13791.jpg,val,PATIENT_1379,0
13921.jpg,val,PATIENT_1392,0
13931.jpg,val,PATIENT_1393,0
13941.jpg,val,PATIENT_1394,0
14071.jpg,val,PATIENT_1407,0
14081.jpg,val,PATIENT_1408,0
14141.jpg,val,PATIENT_1414,0
14211.jpg,val,PATIENT_1421,0
14231.jpg,val,PATIENT_1423,0
14251.jpg,val,PATIENT_1425,0
14301.jpg,val,PATIENT_1430,0
14371.jpg,val,PATIENT_1437,0
14451.jpg,val,PATIENT_1445,0
14551.jpg,val,PATIENT_1455,0
14571.jpg,val,PATIENT_1457,0
14601.jpg,val,PATIENT_1460,0
14621.jpg,val,PATIENT_1462,0
14691.jpg,val,PATIENT_1469,0
14751.jpg,val,PATIENT_1475,0
14771.jpg,val,PATIENT_1477,0
14891.jpg,val,PATIENT_1489,0
14921.jpg,val,PATIENT_1492,0
14981.jpg,val,PATIENT_1498,0
14991.jpg,val,PATIENT_1499,0
15001.jpg,val,PATIENT_1500,0
15021.jpg,val,PATIENT_1502,0
15031.jpg,val,PATIENT_1503,0
15041.jpg,val,PATIENT_1504,0
15071.jpg,val,PATIENT_1507,0
15101.jpg,val,PATIENT_1510,0
15121.jpg,val,PATIENT_1512,0
15131.jpg,val,PATIENT_1513,0
15151.jpg,val,PATIENT_1515,0
15181.jpg,val,PATIENT_1518,0
15331.jpg,val,PATIENT_1533,0
15371.jpg,val,PATIENT_1537,0
15391.jpg,val,PATIENT_1539,0
15401.jpg,val,PATIENT_1540,0
15541.jpg,val,PATIENT_1554,0
15591.jpg,val,PATIENT_1559,0
15641.jpg,val,PATIENT_1564,0
15651.jpg,val,PATIENT_1565,0
15731.jpg,val,PATIENT_1573,0
15811.jpg,val,PATIENT_1581,0
15841.jpg,val,PATIENT_1584,0
15991.jpg,val,PATIENT_1599,0
16021.jpg,val,PATIENT_1602,0
16031.jpg,val,PATIENT_1603,0
16121.jpg,val,PATIENT_1612,0
16141.jpg,val,PATIENT_1614,0
16151.jpg,val,PATIENT_1615,0
16161.jpg,val,PATIENT_1616,0
16191.jpg,val,PATIENT_1619,0
16231.jpg,val,PATIENT_1623,0
16261.jpg,val,PATIENT_1626,0
16301.jpg,val,PATIENT_1630,0
16441.jpg,val,PATIENT_1644,0
16451.jpg,val,PATIENT_1645,0
16501.jpg,val,PATIENT_1650,0
16531.jpg,val,PATIENT_1653,0
16561.jpg,val,PATIENT_1656,0
16621.jpg,val,PATIENT_1662,0
16631.jpg,val,PATIENT_1663,0
16651.jpg,val,PATIENT_1665,0
16941.jpg,val,PATIENT_1694,0
17201.jpg,val,PATIENT_1720,0
17301.jpg,val,PATIENT_1730,0
17381.jpg,val,PATIENT_1738,0
17391.jpg,val,PATIENT_1739,0
17431.jpg,val,PATIENT_1743,0
17461.jpg,val,PATIENT_1746,0
17471.jpg,val,PATIENT_1747,0
17551.jpg,val,PATIENT_1755,0
17681.jpg,val,PATIENT_1768,0
17701.jpg,val,PATIENT_1770,0
17731.jpg,val,PATIENT_1773,0
17801.jpg,val,PATIENT_1780,0
17871.jpg,val,PATIENT_1787,0
17911.jpg,val,PATIENT_1791,0
17941.jpg,val,PATIENT_1794,0
18061.jpg,val,PATIENT_1806,0
18081.jpg,val,PATIENT_1808,0
18101.jpg,val,PATIENT_1810,0
18111.jpg,val,PATIENT_1811,0
18141.jpg,val,PATIENT_1814,0
18171.jpg,val,PATIENT_1817,0
18251.jpg,val,PATIENT_1825,0
18281.jpg,val,PATIENT_1828,0
18321.jpg,val,PATIENT_1832,0
18331.jpg,val,PATIENT_1833,0
18341.jpg,val,PATIENT_1834,0
18401.jpg,val,PATIENT_1840,0
18421.jpg,val,PATIENT_1842,0
18521.jpg,val,PATIENT_1852,0
18621.jpg,val,PATIENT_1862,0
18641.jpg,val,PATIENT_1864,0
18671.jpg,val,PATIENT_1867,0
18721.jpg,val,PATIENT_1872,0
18761.jpg,val,PATIENT_1876,0
18801.jpg,val,PATIENT_1880,0
18891.jpg,val,PATIENT_1889,0
18941.jpg,val,PATIENT_1894,0
18971.jpg,val,PATIENT_1897,0
18991.jpg,val,PATIENT_1899,0
19051.jpg,val,PATIENT_1905,0
19081.jpg,val,PATIENT_1908,0
19101.jpg,val,PATIENT_1910,0
19121.jpg,val,PATIENT_1912,0
19151.jpg,val,PATIENT_1915,0
19181.jpg,val,PATIENT_1918,0
19211.jpg,val,PATIENT_1921,0
19321.jpg,val,PATIENT_1932,0
19391.jpg,val,PATIENT_1939,0
19511.jpg,val,PATIENT_1951,0
19551.jpg,val,PATIENT_1955,0
19561.jpg,val,PATIENT_1956,0
19571.jpg,val,PATIENT_1957,0
19601.jpg,val,PATIENT_1960,0
19671.jpg,val,PATIENT_1967,0
19681.jpg,val,PATIENT_1968,0
19691.jpg,val,PATIENT_1969,0
19701.jpg,val,PATIENT_1970,0
19751.jpg,val,PATIENT_1975,0
19861.jpg,val,PATIENT_1986,0
19951.jpg,val,PATIENT_1995,0
19961.jpg,val,PATIENT_1996,0
20021.jpg,val,PATIENT_2002,0
20131.jpg,val,PATIENT_2013,0
20141.jpg,val,PATIENT_2014,0
20181.jpg,val,PATIENT_2018,0
20271.jpg,val,PATIENT_2027,0
20471.jpg,val,PATIENT_2047,0
20481.jpg,val,PATIENT_2048,0
20701.jpg,val,PATIENT_2070,0
20811.jpg,val,PATIENT_2081,0
20941.jpg,val,PATIENT_2094,0
20961.jpg,val,PATIENT_2096,0
21001.jpg,val,PATIENT_2100,0
21021.jpg,val,PATIENT_2102,0
21071.jpg,val,PATIENT_2107,0
21141.jpg,val,PATIENT_2114,0
21171.jpg,val,PATIENT_2117,0
21181.jpg,val,PATIENT_2118,0
21201.jpg,val,PATIENT_2120,0
21241.jpg,val,PATIENT_2124,0
21261.jpg,val,PATIENT_2126,0
21301.jpg,val,PATIENT_2130,0
21471.jpg,val,PATIENT_2147,0
21581.jpg,val,PATIENT_2158,0
21601.jpg,val,PATIENT_2160,0
21661.jpg,val,PATIENT_2166,0
21671.jpg,val,PATIENT_2167,0
21741.jpg,val,PATIENT_2174,0
21811.jpg,val,PATIENT_2181,0
21841.jpg,val,PATIENT_2184,0
21991.jpg,val,PATIENT_2199,0
22111.jpg,val,PATIENT_2211,0
22261.jpg,val,PATIENT_2226,0
22321.jpg,val,PATIENT_2232,0
22331.jpg,val,PATIENT_2233,0
22351.jpg,val,PATIENT_2235,0
22361.jpg,val,PATIENT_2236,0
22441.jpg,val,PATIENT_2244,0
22471.jpg,val,PATIENT_2247,0
22481.jpg,val,PATIENT_2248,0
22591.jpg,val,PATIENT_2259,0
22631.jpg,val,PATIENT_2263,0
22731.jpg,val,PATIENT_2273,0
22771.jpg,val,PATIENT_2277,0
22791.jpg,val,PATIENT_2279,0
22821.jpg,val,PATIENT_2282,0
22871.jpg,val,PATIENT_2287,0
22881.jpg,val,PATIENT_2288,0
22911.jpg,val,PATIENT_2291,0
22981.jpg,val,PATIENT_2298,0
23001.jpg,val,PATIENT_2300,0
23011.jpg,val,PATIENT_2301,0
23051.jpg,val,PATIENT_2305,0
23101.jpg,val,PATIENT_2310,0
23131.jpg,val,PATIENT_2313,0
23171.jpg,val,PATIENT_2317,0
23211.jpg,val,PATIENT_2321,0
23221.jpg,val,PATIENT_2322,0
23231.jpg,val,PATIENT_2323,0
23241.jpg,val,PATIENT_2324,0
23331.jpg,val,PATIENT_2333,0
23371.jpg,val,PATIENT_2337,0
23411.jpg,val,PATIENT_2341,0
23421.jpg,val,PATIENT_2342,0
23431.jpg,val,PATIENT_2343,0
23441.jpg,val,PATIENT_2344,0
23501.jpg,val,PATIENT_2350,0
23511.jpg,val,PATIENT_2351,0
23561.jpg,val,PATIENT_2356,0
23601.jpg,val,PATIENT_2360,0
23621.jpg,val,PATIENT_2362,0
23691.jpg,val,PATIENT_2369,0
23731.jpg,val,PATIENT_2373,0
23821.jpg,val,PATIENT_2382,0
23831.jpg,val,PATIENT_2383,0
23851.jpg,val,PATIENT_2385,0
23861.jpg,val,PATIENT_2386,0
23871.jpg,val,PATIENT_2387,0
24091.jpg,val,PATIENT_2409,0
24121.jpg,val,PATIENT_2412,0
24171.jpg,val,PATIENT_2417,0
24191.jpg,val,PATIENT_2419,0
24231.jpg,val,PATIENT_2423,0
24281.jpg,val,PATIENT_2428,0
24291.jpg,val,PATIENT_2429,0
24321.jpg,val,PATIENT_2432,0
24421.jpg,val,PATIENT_2442,0
24431.jpg,val,PATIENT_2443,0
24551.jpg,val,PATIENT_2455,0
24641.jpg,val,PATIENT_2464,0
24651.jpg,val,PATIENT_2465,0
24681.jpg,val,PATIENT_2468,0
24781.jpg,val,PATIENT_2478,0
24831.jpg,val,PATIENT_2483,0
24841.jpg,val,PATIENT_2484,0
25101.jpg,val,PATIENT_2510,0
25151.jpg,val,PATIENT_2515,0
25161.jpg,val,PATIENT_2516,0
25171.jpg,val,PATIENT_2517,0
25181.jpg,val,PATIENT_2518,0
25201.jpg,val,PATIENT_2520,0
25281.jpg,val,PATIENT_2528,0
25321.jpg,val,PATIENT_2532,0
25341.jpg,val,PATIENT_2534,0
25371.jpg,val,PATIENT_2537,0
25501.jpg,val,PATIENT_2550,0
25571.jpg,val,PATIENT_2557,0
25581.jpg,val,PATIENT_2558,0
25741.jpg,val,PATIENT_2574,0
25781.jpg,val,PATIENT_2578,0
25801.jpg,val,PATIENT_2580,0
25811.jpg,val,PATIENT_2581,0
25861.jpg,val,PATIENT_2586,0
25871.jpg,val,PATIENT_2587,0
25901.jpg,val,PATIENT_2590,0
25951.jpg,val,PATIENT_2595,0
25991.jpg,val,PATIENT_2599,0
26021.jpg,val,PATIENT_2602,0
26031.jpg,val,PATIENT_2603,0
26131.jpg,val,PATIENT_2613,0
26141.jpg,val,PATIENT_2614,0
26211.jpg,val,PATIENT_2621,0
26261.jpg,val,PATIENT_2626,0
26571.jpg,val,PATIENT_2657,0
26591.jpg,val,PATIENT_2659,0
26601.jpg,val,PATIENT_2660,0
26611.jpg,val,PATIENT_2661,0
26641.jpg,val,PATIENT_2664,0
26651.jpg,val,PATIENT_2665,0
26811.jpg,val,PATIENT_2681,0
26861.jpg,val,PATIENT_2686,0
26871.jpg,val,PATIENT_2687,0
26911.jpg,val,PATIENT_2691,0
27111.jpg,val,PATIENT_2711,0
27141.jpg,val,PATIENT_2714,0
27171.jpg,val,PATIENT_2717,0
27211.jpg,val,PATIENT_2721,0
27241.jpg,val,PATIENT_2724,0
27251.jpg,val,PATIENT_2725,0
27301.jpg,val,PATIENT_2730,0
27511.jpg,val,PATIENT_2751,0
27531.jpg,val,PATIENT_2753,0
27581.jpg,val,PATIENT_2758,0
27611.jpg,val,PATIENT_2761,0
27631.jpg,val,PATIENT_2763,0
27661.jpg,val,PATIENT_2766,0
27671.jpg,val,PATIENT_2767,0
27681.jpg,val,PATIENT_2768,0
27731.jpg,val,PATIENT_2773,0
27781.jpg,val,PATIENT_2778,0
27791.jpg,val,PATIENT_2779,0
27811.jpg,val,PATIENT_2781,0
27831.jpg,val,PATIENT_2783,0
27901.jpg,val,PATIENT_2790,0
27941.jpg,val,PATIENT_2794,0
27961.jpg,val,PATIENT_2796,0
28011.jpg,val,PATIENT_2801,0
28161.jpg,val,PATIENT_2816,0
28201.jpg,val,PATIENT_2820,0
28311.jpg,val,PATIENT_2831,0
28321.jpg,val,PATIENT_2832,0
28461.jpg,val,PATIENT_2846,0
28491.jpg,val,PATIENT_2849,0
28571.jpg,val,PATIENT_2857,0
28751.jpg,val,PATIENT_2875,0
28791.jpg,val,PATIENT_2879,0
28971.jpg,val,PATIENT_2897,0
29001.jpg,val,PATIENT_2900,0
29011.jpg,val,PATIENT_2901,0
29101.jpg,val,PATIENT_2910,0
29121.jpg,val,PATIENT_2912,0
29151.jpg,val,PATIENT_2915,0
29161.jpg,val,PATIENT_2916,0
29241.jpg,val,PATIENT_2924,0
29301.jpg,val,PATIENT_2930,0
29351.jpg,val,PATIENT_2935,0
29441.jpg,val,PATIENT_2944,0
29611.jpg,val,PATIENT_2961,0
29651.jpg,val,PATIENT_2965,0
29671.jpg,val,PATIENT_2967,0
29741.jpg,val,PATIENT_2974,0
29761.jpg,val,PATIENT_2976,0
29811.jpg,val,PATIENT_2981,0
29841.jpg,val,PATIENT_2984,0
29891.jpg,val,PATIENT_2989,0
30031.jpg,val,PATIENT_3003,0
30191.jpg,val,PATIENT_3019,0
30311.jpg,val,PATIENT_3031,0
30341.jpg,val,PATIENT_3034,0
30371.jpg,val,PATIENT_3037,0
30401.jpg,val,PATIENT_3040,0
30441.jpg,val,PATIENT_3044,0
30461.jpg,val,PATIENT_3046,0
30471.jpg,val,PATIENT_3047,0
30511.jpg,val,PATIENT_3051,0
30571.jpg,val,PATIENT_3057,0
30581.jpg,val,PATIENT_3058,0
30741.jpg,val,PATIENT_3074,0
30791.jpg,val,PATIENT_3079,0
30801.jpg,val,PATIENT_3080,0
30811.jpg,val,PATIENT_3081,0
30921.jpg,val,PATIENT_3092,0
30961.jpg,val,PATIENT_3096,0
30981.jpg,val,PATIENT_3098,0
31001.jpg,val,PATIENT_3100,0
31191.jpg,val,PATIENT_3119,0
31201.jpg,val,PATIENT_3120,0
31251.jpg,val,PATIENT_3125,0
31321.jpg,val,PATIENT_3132,0
31341.jpg,val,PATIENT_3134,0
31351.jpg,val,PATIENT_3135,0
31511.jpg,val,PATIENT_3151,0
31541.jpg,val,PATIENT_3154,0
31561.jpg,val,PATIENT_3156,0
31571.jpg,val,PATIENT_3157,0
31621.jpg,val,PATIENT_3162,0
31641.jpg,val,PATIENT_3164,0
31751.jpg,val,PATIENT_3175,0
31851.jpg,val,PATIENT_3185,0
31881.jpg,val,PATIENT_3188,0
31911.jpg,val,PATIENT_3191,0
31971.jpg,val,PATIENT_3197,0
31981.jpg,val,PATIENT_3198,0
32001.jpg,val,PATIENT_3200,0
32011.jpg,val,PATIENT_3201,0
32031.jpg,val,PATIENT_3203,0
32071.jpg,val,PATIENT_3207,0
32141.jpg,val,PATIENT_3214,0
32211.jpg,val,PATIENT_3221,0
32231.jpg,val,PATIENT_3223,0
32251.jpg,val,PATIENT_3225,0
32281.jpg,val,PATIENT_3228,0
32301.jpg,val,PATIENT_3230,0
32311.jpg,val,PATIENT_3231,0
32471.jpg,val,PATIENT_3247,0
32571.jpg,val,PATIENT_3257,0
32591.jpg,val,PATIENT_3259,0
32651.jpg,val,PATIENT_3265,0
32671.jpg,val,PATIENT_3267,0
32681.jpg,val,PATIENT_3268,0
32721.jpg,val,PATIENT_3272,0
32731.jpg,val,PATIENT_3273,0
32851.jpg,val,PATIENT_3285,0
32941.jpg,val,PATIENT_3294,0
33091.jpg,val,PATIENT_3309,0
33121.jpg,val,PATIENT_3312,0
33131.jpg,val,PATIENT_3313,0
33141.jpg,val,PATIENT_3314,0
33181.jpg,val,PATIENT_3318,0
33211.jpg,val,PATIENT_3321,0
33251.jpg,val,PATIENT_3325,0
33261.jpg,val,PATIENT_3326,0
33331.jpg,val,PATIENT_3333,0
33361.jpg,val,PATIENT_3336,0
33381.jpg,val,PATIENT_3338,0
33421.jpg,val,PATIENT_3342,0
33431.jpg,val,PATIENT_3343,0
33441.jpg,val,PATIENT_3344,0
33471.jpg,val,PATIENT_3347,0
33481.jpg,val,PATIENT_3348,0
33491.jpg,val,PATIENT_3349,0
33541.jpg,val,PATIENT_3354,0
33551.jpg,val,PATIENT_3355,0
33581.jpg,val,PATIENT_3358,0
33601.jpg,val,PATIENT_3360,0
33681.jpg,val,PATIENT_3368,0
33691.jpg,val,PATIENT_3369,0
33731.jpg,val,PATIENT_3373,0
33741.jpg,val,PATIENT_3374,0
33781.jpg,val,PATIENT_3378,0
33961.jpg,val,PATIENT_3396,0
33981.jpg,val,PATIENT_3398,0
33991.jpg,val,PATIENT_3399,0
34041.jpg,val,PATIENT_3404,0
34101.jpg,val,PATIENT_3410,0
34111.jpg,val,PATIENT_3411,0
34131.jpg,val,PATIENT_3413,0
34141.jpg,val,PATIENT_3414,0
34181.jpg,val,PATIENT_3418,0
34251.jpg,val,PATIENT_3425,0
34321.jpg,val,PATIENT_3432,0
34361.jpg,val,PATIENT_3436,0
34381.jpg,val,PATIENT_3438,0
34431.jpg,val,PATIENT_3443,0
34441.jpg,val,PATIENT_3444,0
34501.jpg,val,PATIENT_3450,0
34531.jpg,val,PATIENT_3453,0
34691.jpg,val,PATIENT_3469,0
34731.jpg,val,PATIENT_3473,0
34821.jpg,val,PATIENT_3482,0
34851.jpg,val,PATIENT_3485,0
34871.jpg,val,PATIENT_3487,0
34901.jpg,val,PATIENT_3490,0
34921.jpg,val,PATIENT_3492,0
34931.jpg,val,PATIENT_3493,0
34981.jpg,val,PATIENT_3498,0
35011.jpg,val,PATIENT_3501,0
35051.jpg,val,PATIENT_3505,0
35081.jpg,val,PATIENT_3508,0
35171.jpg,val,PATIENT_3517,0
35221.jpg,val,PATIENT_3522,0
35271.jpg,val,PATIENT_3527,0
35351.jpg,val,PATIENT_3535,0
35381.jpg,val,PATIENT_3538,0
35391.jpg,val,PATIENT_3539,0
35521.jpg,val,PATIENT_3552,0
35541.jpg,val,PATIENT_3554,0
35551.jpg,val,PATIENT_3555,0
35611.jpg,val,PATIENT_3561,0
35671.jpg,val,PATIENT_3567,0
35741.jpg,val,PATIENT_3574,0
35831.jpg,val,PATIENT_3583,0
35881.jpg,val,PATIENT_3588,0
35911.jpg,val,PATIENT_3591,0
35921.jpg,val,PATIENT_3592,0
35961.jpg,val,PATIENT_3596,0
36021.jpg,val,PATIENT_3602,0
36071.jpg,val,PATIENT_3607,0
36111.jpg,val,PATIENT_3611,0
36221.jpg,val,PATIENT_3622,0
36381.jpg,val,PATIENT_3638,0
36391.jpg,val,PATIENT_3639,0
36521.jpg,val,PATIENT_3652,0
36561.jpg,val,PATIENT_3656,0
36611.jpg,val,PATIENT_3661,0
36661.jpg,val,PATIENT_3666,0
36681.jpg,val,PATIENT_3668,0
36711.jpg,val,PATIENT_3671,0
36821.jpg,val,PATIENT_3682,0
36831.jpg,val,PATIENT_3683,0
36941.jpg,val,PATIENT_3694,0
36961.jpg,val,PATIENT_3696,0
36971.jpg,val,PATIENT_3697,0
37031.jpg,val,PATIENT_3703,0
37091.jpg,val,PATIENT_3709,0
37101.jpg,val,PATIENT_3710,0
37121.jpg,val,PATIENT_3712,0
37161.jpg,val,PATIENT_3716,0
37231.jpg,val,PATIENT_3723,0
37261.jpg,val,PATIENT_3726,0
37331.jpg,val,PATIENT_3733,0
37361.jpg,val,PATIENT_3736,0
37371.jpg,val,PATIENT_3737,0
37411.jpg,val,PATIENT_3741,0
37441.jpg,val,PATIENT_3744,0
37481.jpg,val,PATIENT_3748,0
37551.jpg,val,PATIENT_3755,0
37601.jpg,val,PATIENT_3760,0
37621.jpg,val,PATIENT_3762,0
37671.jpg,val,PATIENT_3767,0
37821.jpg,val,PATIENT_3782,0
37881.jpg,val,PATIENT_3788,0
37911.jpg,val,PATIENT_3791,0
37961.jpg,val,PATIENT_3796,0
38041.jpg,val,PATIENT_3804,0
38101.jpg,val,PATIENT_3810,0
38121.jpg,val,PATIENT_3812,0
38171.jpg,val,PATIENT_3817,0
38181.jpg,val,PATIENT_3818,0
38241.jpg,val,PATIENT_3824,0
38371.jpg,val,PATIENT_3837,0
38421.jpg,val,PATIENT_3842,0
38481.jpg,val,PATIENT_3848,0
38551.jpg,val,PATIENT_3855,0
38591.jpg,val,PATIENT_3859,0
38611.jpg,val,PATIENT_3861,0
38651.jpg,val,PATIENT_3865,0
38711.jpg,val,PATIENT_3871,0
38751.jpg,val,PATIENT_3875,0
38791.jpg,val,PATIENT_3879,0
38801.jpg,val,PATIENT_3880,0
38821.jpg,val,PATIENT_3882,0
38831.jpg,val,PATIENT_3883,0
38891.jpg,val,PATIENT_3889,0
39021.jpg,val,PATIENT_3902,0
39051.jpg,val,PATIENT_3905,0
39061.jpg,val,PATIENT_3906,0
39121.jpg,val,PATIENT_3912,0
39141.jpg,val,PATIENT_3914,0
39181.jpg,val,PATIENT_3918,0
39211.jpg,val,PATIENT_3921,0
39241.jpg,val,PATIENT_3924,0
39261.jpg,val,PATIENT_3926,0
neg_val_normal_0000.png,val,NORMAL_BG_neg_val_normal_0000,1
neg_val_normal_0001.png,val,NORMAL_BG_neg_val_normal_0001,1
neg_val_normal_0002.png,val,NORMAL_BG_neg_val_normal_0002,1
neg_val_normal_0003.png,val,NORMAL_BG_neg_val_normal_0003,1
neg_val_normal_0004.png,val,NORMAL_BG_neg_val_normal_0004,1
neg_val_normal_0005.png,val,NORMAL_BG_neg_val_normal_0005,1
neg_val_normal_0006.png,val,NORMAL_BG_neg_val_normal_0006,1
neg_val_normal_0007.png,val,NORMAL_BG_neg_val_normal_0007,1
neg_val_normal_0008.png,val,NORMAL_BG_neg_val_normal_0008,1
neg_val_normal_0009.png,val,NORMAL_BG_neg_val_normal_0009,1
neg_val_normal_0010.png,val,NORMAL_BG_neg_val_normal_0010,1
neg_val_normal_0011.png,val,NORMAL_BG_neg_val_normal_0011,1
neg_val_normal_0012.png,val,NORMAL_BG_neg_val_normal_0012,1
neg_val_normal_0013.png,val,NORMAL_BG_neg_val_normal_0013,1
neg_val_normal_0014.png,val,NORMAL_BG_neg_val_normal_0014,1
neg_val_normal_0015.png,val,NORMAL_BG_neg_val_normal_0015,1
neg_val_normal_0016.png,val,NORMAL_BG_neg_val_normal_0016,1
neg_val_normal_0017.png,val,NORMAL_BG_neg_val_normal_0017,1
neg_val_normal_0018.png,val,NORMAL_BG_neg_val_normal_0018,1
neg_val_normal_0019.png,val,NORMAL_BG_neg_val_normal_0019,1
neg_val_normal_0020.png,val,NORMAL_BG_neg_val_normal_0020,1
neg_val_normal_0021.png,val,NORMAL_BG_neg_val_normal_0021,1
neg_val_normal_0022.png,val,NORMAL_BG_neg_val_normal_0022,1
neg_val_normal_0023.png,val,NORMAL_BG_neg_val_normal_0023,1
neg_val_normal_0024.png,val,NORMAL_BG_neg_val_normal_0024,1
neg_val_normal_0025.png,val,NORMAL_BG_neg_val_normal_0025,1
neg_val_normal_0026.png,val,NORMAL_BG_neg_val_normal_0026,1
neg_val_normal_0027.png,val,NORMAL_BG_neg_val_normal_0027,1
neg_val_normal_0028.png,val,NORMAL_BG_neg_val_normal_0028,1
neg_val_normal_0029.png,val,NORMAL_BG_neg_val_normal_0029,1
neg_val_normal_0030.png,val,NORMAL_BG_neg_val_normal_0030,1
neg_val_normal_0031.png,val,NORMAL_BG_neg_val_normal_0031,1
neg_val_normal_0032.png,val,NORMAL_BG_neg_val_normal_0032,1
neg_val_normal_0033.png,val,NORMAL_BG_neg_val_normal_0033,1
neg_val_normal_0034.png,val,NORMAL_BG_neg_val_normal_0034,1
neg_val_normal_0035.png,val,NORMAL_BG_neg_val_normal_0035,1
neg_val_normal_0036.png,val,NORMAL_BG_neg_val_normal_0036,1
neg_val_normal_0037.png,val,NORMAL_BG_neg_val_normal_0037,1
neg_val_normal_0038.png,val,NORMAL_BG_neg_val_normal_0038,1
neg_val_normal_0039.png,val,NORMAL_BG_neg_val_normal_0039,1
